subreddit,community_id,community_size,gateway_score,role,gateway_score_normalized
196,0,161,1.0855851478338494E-5,gateway,0.00807109527500637
19684,0,161,1.0873404872118217E-5,gateway,0.008086991040403696
197,0,161,1.0959320108909733E-5,gateway,0.008164793000824084
195,0,161,2.1501715288673205E-4,gateway,0.1929527307652952
676,0,161,1.2941111705803732E-4,gateway,0.11543077237911763
CarryMinati,0,161,1.950527041213529E-4,gateway,0.17487359473930578
Azoozkie,0,161,2.1779037584181127E-4,gateway,0.19546406857504323
AreTheStraightsOK,0,161,3.4396150567274375E-4,gateway,0.30972041722624427
AreTheStraightsOkay,0,161,3.1542727169507444E-4,gateway,0.2838807707856031
AnimeFunny,0,161,0.0011062242235516937,gateway,1.0
ATAAE,0,161,3.0358959941390154E-4,gateway,0.27316097131017064
21stCenturyHumour,0,161,8.071376006797893E-4,gateway,0.729157173233264
69Moelester420,0,161,6.502600953318006E-4,gateway,0.5870941595264937
ComedyCemetery,0,161,3.770920412662986E-4,gateway,0.3397223204417467
ComedyFlogging,0,161,4.397478993379574E-4,gateway,0.3964613666440622
Chodi,0,161,1.6756574435288516E-4,gateway,0.1499823247405676
2bharat4you,0,161,2.7458594948679966E-4,gateway,0.24689623751037942
4PanelCringe,0,161,5.959269248783753E-4,gateway,0.537891860435012
BokuNoMetaAcademia,0,161,8.767781034721752E-4,gateway,0.7922212797206505
AvatarMemes,0,161,8.37036368503304E-4,gateway,0.756232495815081
196x,0,161,1.3106293692957025E-5,gateway,0.010109020358481354
COMPLETEANARCHY,0,161,5.408818074692575E-4,gateway,0.4880448460294981
Alphachan,0,161,8.742797948347824E-4,gateway,0.7899588951078254
AntiFurryRepublica,0,161,2.4914082774918855E-4,gateway,0.2238539876341958
AntiFursInAction,0,161,1.6956144298103037E-4,gateway,0.1517895625656202
AbruptChaos,0,161,5.752112703270435E-4,gateway,0.5191324576134124
AccidentalSlapStick,0,161,4.5235211281088834E-4,gateway,0.40787532014489153
CrazyHuman,0,161,6.57277928825558E-4,gateway,0.5934492744526519
AntiAntiJokes,0,161,9.642601874502767E-6,gateway,0.006972417075623222
AntiJokes,0,161,2.743838172952428E-5,gateway,0.0230876791832062
Angryupvote,0,161,7.186895552058915E-4,gateway,0.6490615861150023
AccidentalComedy,0,161,9.736115741801883E-4,gateway,0.8799104270330824
ComedySeizure,0,161,7.766338739524208E-4,gateway,0.7015340201332375
BNWO_Captions,0,161,2.5870021262001843E-4,gateway,0.23251064634967308
CharacterAI,0,161,3.790528580882269E-4,gateway,0.34149797047157193
CharacterAI_No_Filter,0,161,2.937914436616866E-4,gateway,0.26428808968293976
AmongUs,0,161,8.482059443672061E-4,gateway,0.7663472895551554
AmongUsMemes,0,161,7.746308714094921E-4,gateway,0.6997201681276259
3amjokes,0,161,5.3469730229907174E-5,gateway,0.0466607963781312
Bhopal,0,161,7.247675442180673E-5,gateway,0.06387292078251355
Bhubaneswar,0,161,7.399411656592902E-5,gateway,0.06524699311111427
Badfaketexts,0,161,7.99219931061169E-4,gateway,0.7219871968554483
CharacterAi_NSFW,0,161,8.317797814179737E-5,gateway,0.07356359051008224
AvatarMemebending,0,161,4.825122021918437E-4,gateway,0.4351872867752878
BPDmemes,0,161,5.992188471518851E-4,gateway,0.5408729149719634
BipolarMemes,0,161,5.338087690332448E-4,gateway,0.48163973935690746
Animemes,0,161,8.608837886104555E-4,gateway,0.7778279206150764
BeatMeToIt,0,161,7.266889917775023E-4,gateway,0.6563056079063889
ADHDmemes,0,161,5.03434639196553E-4,gateway,0.45413394485979663
BikiniBottomTwitter,0,161,9.715906688699514E-4,gateway,0.8780803628811097
ComedyNecrophilia,0,161,7.254032807282124E-4,gateway,0.6551413110493407
BlackMetalMemes,0,161,9.327924752751974E-4,gateway,0.8429460184368688
ComedyHitmen,0,161,3.9105630203316717E-4,gateway,0.35236788721263623
BlackMetalCringe,0,161,4.801806702895329E-4,gateway,0.4330759295870088
BlackPeopleTwitter,0,161,4.601743183549239E-4,gateway,0.4149588474546515
Altrive,0,161,8.698177986359056E-4,gateway,0.7859182608195984
CPTSDmemes,0,161,6.707046087098798E-4,gateway,0.6056080259843755
Allahabad,0,161,7.937064171849153E-5,gateway,0.0701157941845951
AccidentalRacism,0,161,4.825353357049634E-4,gateway,0.43520823570983463
AreTheCisOk,0,161,2.2617231692071988E-4,gateway,0.20305447363497173
AccidentalAlly,0,161,9.392798828285167E-5,gateway,0.08329843958630193
2b2t_Uncensored,0,161,3.516764299219866E-4,gateway,0.31670679418918557
CharteredAccountants,0,161,3.317259477339283E-4,gateway,0.29864030582776063
4tran4,0,161,2.526402399329109E-4,gateway,0.2270229380832677
Chandigarh,0,161,6.85865662377565E-5,gateway,0.06035009667789295
Chadposting,0,161,4.887014648938793E-4,gateway,0.44079207574821083
BadDesigns,0,161,4.0226760429785545E-4,gateway,0.3625204669834974
CBSE,0,161,1.188535154181788E-4,gateway,0.10587016199621499
BlueRyai,0,161,5.670477821001777E-4,gateway,0.5117398761384855
BruceDropEmOff,0,161,1.9868824596543718E-4,gateway,0.17816581964868347
691,0,161,7.905331177952253E-5,gateway,0.06982843082189168
CoronavirusMemes,0,161,6.512857511072384E-4,gateway,0.588022959038962
ColdOnes,0,161,8.486154284585016E-4,gateway,0.7667181046311944
BigPPReacts,0,161,6.089148954573255E-4,gateway,0.5496533315158255
Apandah,0,161,6.161145271136721E-4,gateway,0.5561730767680876
Chennai,0,161,7.516092492086642E-5,gateway,0.06630361567119994
Bengaluru,0,161,3.678038446310408E-5,gateway,0.03154748391713103
CatholicMemes,0,161,6.251591864438478E-4,gateway,0.5643636172764007
A_irsoft,0,161,7.386157709061362E-4,gateway,0.6671060995579503
Bombstrap,0,161,0.001010558917727167,gateway,0.9133687036744662
BritishMemes,0,161,6.604528099777682E-4,gateway,0.596324340470838
AusMemes,0,161,6.383875634535944E-4,gateway,0.5763427923677266
ApparentJokes,0,161,6.186226219565525E-5,gateway,0.054260792190404375
CadenMoranDiary,0,161,5.835137603832459E-4,gateway,0.5266509144886558
Bolehland,0,161,3.577400769897094E-4,gateway,0.32219782985159046
2philippines4u,0,161,2.5266895393135004E-4,gateway,0.22704894051838284
CallMeCarson,0,161,6.908012089874746E-4,gateway,0.6238068339929709
ConnorEatsPants,0,161,4.988792781992314E-4,gateway,0.45000876253766403
Birates,0,161,7.682784360713811E-4,gateway,0.6939676154814858
AlpharadPlus,0,161,6.244052041808852E-4,gateway,0.5636808361962177
BatmanArkham,0,161,2.717016599585909E-4,gateway,0.24428432153255136
ArkhamRehabilitation,0,161,1.262112695538945E-4,gateway,0.11253309766895278
BlackPeopleComedy,0,161,6.74359517428084E-4,gateway,0.6089177888861981
AnimeHate,0,161,3.7486178025623244E-4,gateway,0.33770267078107746
BitLifeApp,0,161,6.941270233211228E-4,gateway,0.6268185800442558
AIDungeon,0,161,5.663945019379087E-4,gateway,0.5111482875073371
4chan,0,161,2.1750360165517743E-6,gateway,2.1003958573981852E-4
4tran,0,161,9.0259218105305E-6,gateway,0.006413972267449789
Asmongold,0,161,7.131204923294094E-4,gateway,0.6440184293284344
Bandmemes,0,161,2.9379350160914965E-4,gateway,0.26428995329122446
Audiomemes,0,161,2.6039222849280727E-4,gateway,0.23404287924434383
4ChanMeta,0,161,1.4417640719319806E-4,gateway,0.12880172451277655
AroAceMemes,0,161,5.860054425827815E-4,gateway,0.5289072984213321
ChasersRiseUp,0,161,2.264488262994024E-4,gateway,0.20330487126570082
CloneWarsMemes,0,161,4.76649034898163E-4,gateway,0.4298777988805153
Boomerhumour,0,161,3.6027234923809745E-4,gateway,0.32449097077280814
BestOfReports,0,161,4.222051235662564E-4,gateway,0.38057521655911686
AlfaOxtrot,0,161,6.333284251987389E-4,gateway,0.5717614062368743
CountryhumansCringe,0,161,4.796204470705041E-4,gateway,0.4325686102064054
AIfreakout,0,161,6.499876144063774E-4,gateway,0.5868474099280897
5050,0,161,2.8104368529585985E-4,gateway,0.25274414673561996
AlanPartridge,0,161,3.2389910267680147E-4,gateway,0.2915525771303612
ChaiApp,0,161,6.439017593941065E-5,gateway,0.05654998619582945
AntiHazbinHotel,0,161,5.683625455522587E-4,gateway,0.5129304818782939
ClimateMemes,0,161,2.583827676407724E-4,gateway,0.23222317881034843
BadRPerStories,0,161,1.71390911452238E-4,gateway,0.15344626792898483
AO3,0,161,3.1148167409264727E-4,gateway,0.28030776976782396
BollywoodRealism,0,161,1.7616410721769867E-4,gateway,0.15776871412004054
ClubTeen,0,161,2.904899838994559E-4,gateway,0.26129839831569274
Coconaad,0,161,4.6603964262190747E-4,gateway,0.420270288632192
AquariumMemes,0,161,2.7075683997014626E-4,gateway,0.2434287242009193
AnomalyXd,0,161,3.928106626594534E-4,gateway,0.3539565774276283
ChitraLoka,0,161,6.020461164564158E-5,gateway,0.05275967938085748
BanVideoGamesHate,0,161,1.9295547645609753E-4,gateway,0.17297441561930066
AngryCops,0,161,3.9658966924221507E-4,gateway,0.3573787191985213
AteTheOnion,0,161,2.498215878347263E-4,gateway,0.22447046116332448
Bokoen1,0,161,4.7798246112579874E-4,gateway,0.43108530500469405
2healthbars,0,161,9.575159963552157E-5,gateway,0.08494984093932254
ActLikeYouBelong,0,161,1.211130810165127E-4,gateway,0.10791634891036439
CoolBugFacts,0,161,2.7731089168924974E-4,gateway,0.24936385388787166
CCJ2,0,161,1.9894658323385024E-4,gateway,0.1783997612250881
5555555,0,161,2.2034636080109487E-4,gateway,0.19777868293291145
ConvertingFeminist,0,161,1.2656944786569076E-4,gateway,0.11285745194973579
AzureEmpire,0,161,1.7562852557522792E-4,gateway,0.1572837093257162
24fun,0,161,2.386422507607322E-4,gateway,0.21434682799837507
BadMensAnatomy,0,161,5.1769328467214086E-5,gateway,0.04512096950247657
Coimbatore,0,161,2.2032380581550915E-5,gateway,0.018192185635678274
Brunei,0,161,1.0279400105820889E-4,gateway,0.09132720375893492
CaptainSparrowmemes,0,161,1.803548752017599E-4,gateway,0.16156373322262607
Charmx,0,161,2.6165260814449973E-4,gateway,0.23518423683628756
Clamworks,0,161,1.2915164382358641E-4,gateway,0.1151958021099221
Bahrain,0,161,2.5458113034625902E-5,gateway,0.021294414188824752
0x3642,0,161,5.496366929726123E-5,gateway,0.048013657553044826
BONKpatrol,0,161,1.784901185223273E-4,gateway,0.1598750720399894
AskRedditUL,0,161,1.881337065969784E-5,gateway,0.015277158081944256
Akinator,0,161,1.817198501119876E-4,gateway,0.1627998087769316
2sentence2horror,0,161,1.25405985311163E-4,gateway,0.11180385923442232
Consoom,0,161,1.7240563436270496E-4,gateway,0.15436516700516834
AVoid5,0,161,1.557242564650848E-4,gateway,0.13925906997958984
Chadtopia,0,161,4.2660557726169184E-6,gateway,0.002103597031136936
BigChungusReligion,0,161,1.0414553188995432E-4,gateway,0.09255110480612119
AroAllo,0,161,2.0878609337508513E-5,gateway,0.017147369046497506
Chinese_Bootleg_Memes,0,161,7.632378246452997E-5,gateway,0.06735666050894164
Apustaja,0,161,6.311578774346102E-5,gateway,0.055395942935469435
AskOuija,0,161,3.2986370276737825E-5,gateway,0.028111751763143535
ABCDesis,0,161,2.730503088483562E-5,gateway,0.02296692112528839
AlzheimersGroup,0,161,4.102620093750232E-5,gateway,0.03539235308853261
Absurdism,0,161,2.64929513331865E-4,gateway,0.238151692403074
AliensAmongUs,0,161,2.0794885975623047E-6,gateway,1.2351504378309893E-4
BanVideoGames,0,161,1.943093265406144E-6,gateway,0.0
AntiP2W,0,161,3.6667119689009087E-6,gateway,0.0015608513595155905
AliexpressCouponFind,1,13,0.0,gateway,0.0
AliexpressCoupons2021,1,13,0.0,gateway,0.0
CouponCodeExplore,1,13,0.0,gateway,0.0
CouponCodeNews,1,13,0.0,gateway,0.0
CouponCode2021,1,13,0.0,gateway,0.0
BlossomyOffers,1,13,0.0,gateway,0.0
CouponCodeFind,1,13,0.0,gateway,0.0
2023AliexpressDeals,1,13,0.0,gateway,0.0
BrineDiscount,1,13,0.0,gateway,0.0
AttractiveDeals,1,13,0.0,gateway,0.0
CouponCodeDaily,1,13,0.0,gateway,0.0
Amazon2023Deals,1,13,0.0,gateway,0.0
AzureOffers,1,13,0.0,gateway,0.0
AxieInfinityScholar,2,3,0.0,gateway,0.0
AxieScholarshipsPH,2,3,0.0,gateway,0.0
AxieScholarships,2,3,0.0,gateway,0.0
BSCMoonShots,3,95,1.2129456707940972E-5,gateway,0.09592718481659969
AllCryptoBets,3,95,1.2577069830280406E-5,gateway,0.09950906526076594
BSCcryptoListings,3,95,1.3917658262578242E-5,gateway,0.1102366942101286
1000xCoins,3,95,1.5074799646143008E-5,gateway,0.11949634699077938
BabyDogeCoin,3,95,1.7689864229338314E-5,gateway,0.14042256256243993
BABYDOGEARMY,3,95,2.0413694573811253E-5,gateway,0.16221914125321332
CoinTelegraph,3,95,4.965854335661515E-6,gateway,0.038602754485013185
AllThingsCrypto,3,95,6.362191329157221E-6,gateway,0.04977649341457796
BitNewsLive,3,95,5.983140261703864E-6,gateway,0.046743258824055965
BitcoinExchangeGuide,3,95,5.827051219712748E-6,gateway,0.04549420632949426
BNBTrader,3,95,1.8516088071166127E-5,gateway,0.14703415385377558
CoinPath,3,95,8.215600092437027E-6,gateway,0.06460780258071999
AltcoinTrader,3,95,1.6217067023026137E-5,gateway,0.1286369753036467
CoinMarketCap,3,95,2.5316225403757795E-5,gateway,0.2014500717829742
BTCNews,3,95,3.8007563461125215E-6,gateway,0.029279431516974035
Bovada,3,95,3.848437842325947E-5,gateway,0.3068239927704255
BitcoinMarkets,3,95,1.0046358127631236E-5,gateway,0.07925785656034763
BountyICO,3,95,7.5518987082876435E-6,gateway,0.059296745129531155
BBBY,3,95,1.9296372762742714E-5,gateway,0.15327813182974084
BBIG,3,95,1.9961657298350474E-5,gateway,0.15860185794269563
Baystreetbets,3,95,2.3924589653042905E-5,gateway,0.1903139530408871
BitcoinAll,3,95,5.656177201870638E-6,gateway,0.04412684180781556
AltStreetBets,3,95,6.0189008654939215E-5,gateway,0.4805083346601144
ASX_Bets,3,95,1.002134890336195E-4,gateway,0.800791401445623
CanaryWharfBets,3,95,2.5592253634117223E-5,gateway,0.2036588991631789
AMCSTOCKS,3,95,1.908124154993744E-5,gateway,0.15155661330041445
AMCstockForever,3,95,2.136461698635138E-5,gateway,0.16982859286087637
BlockChain,3,95,2.1649083714146466E-6,gateway,0.016189082781049385
BlockchainStartups,3,95,6.716468430171437E-6,gateway,0.052611482284668415
CoinTuta,3,95,1.6090163790528595E-5,gateway,0.12762147288850587
BitcoinPrivate,3,95,1.1846042446078751E-5,gateway,0.09365925308828836
CEI_stock,3,95,2.002783428568133E-5,gateway,0.15913141805821537
BitcoinAUS,3,95,4.376970334897907E-6,gateway,0.03389039914745447
BitcoinCA,3,95,5.92847458781964E-6,gateway,0.04630581430225621
BitcoinUK,3,95,3.356316009888611E-6,gateway,0.02572294027605839
BitcoinIndia,3,95,4.611598448393077E-6,gateway,0.03576793537111922
BlockchainGame,3,95,3.773348760166967E-6,gateway,0.02906011110114909
CTRM,3,95,1.4982915802618239E-5,gateway,0.11876107600378043
BinanceExchange,3,95,4.842495677057468E-6,gateway,0.03761561638556902
BinanceUS,3,95,1.9744474781708366E-6,gateway,0.014664980571259593
CoinWithUs,3,95,1.251077824601392E-4,gateway,1.0
AerodromeFinance,3,95,2.635663588401525E-5,gateway,0.20977562295015786
BB_Stock,3,95,6.686179842434884E-6,gateway,0.052369107576063015
AkitaInuASA,3,95,2.1391165741814366E-5,gateway,0.1700410407612257
Algonauts,3,95,7.702466481083355E-6,gateway,0.06050161543824756
Bittrex,3,95,1.3695807567405535E-6,gateway,0.00982472863786086
Bitcoin,3,95,1.0481965016661279E-5,gateway,0.08274366097333268
AlchemyPay,3,95,2.3855004916581524E-5,gateway,0.1897571235059512
BSCARMY,3,95,1.2247110202409615E-5,gateway,0.09686866916992364
CoinMarketDo,3,95,4.672679411002858E-6,gateway,0.03625671618330666
ConfusedMoney,3,95,1.3039798893898604E-5,gateway,0.10321190617673114
CitadelLLC,3,95,5.2808867589865276E-6,gateway,0.041123700409226895
ASX,3,95,8.854003168542259E-6,gateway,0.06971641843596044
CLNE,3,95,1.0171636898375864E-5,gateway,0.08026035974134037
BinanceTrading,3,95,8.868088748924195E-6,gateway,0.06982913377516028
BNGO,3,95,1.17837549567148E-5,gateway,0.09316081743273184
Ankrofficial,3,95,1.228377548068148E-5,gateway,0.09716207129927926
ATERstock,3,95,1.0011359569062289E-5,gateway,0.07897779182083123
Burryology,3,95,1.1623768093376082E-5,gateway,0.0918805738730225
Bybit,3,95,8.273385291469506E-6,gateway,0.06507021010196272
CCIV,3,95,6.80804599857829E-6,gateway,0.053344302403270885
0xProject,3,95,4.424359991947903E-6,gateway,0.034269619678246696
CLOV,3,95,9.706987584998075E-6,gateway,0.07654215264257462
BytecoinBCN,3,95,6.39225706683282E-6,gateway,0.05001708483704747
CoinBase,3,95,4.463528685789639E-6,gateway,0.03458305458775513
Bitcoincash,3,95,4.025636207220248E-6,gateway,0.03107896047756105
Bitstamp,3,95,3.985051718562674E-6,gateway,0.030754196124140654
Bancor,3,95,3.2544537704099603E-6,gateway,0.024907820375907472
AlgoNFTMarketplace,3,95,5.037193328611632E-7,gateway,0.0028959503095086453
ArkInvestorsClub,3,95,5.014226284967552E-6,gateway,0.03898983549452413
BitcoinBeginners,3,95,2.1169711821140438E-6,gateway,0.015805480799037076
CossIO,3,95,3.817728533826083E-6,gateway,0.029415246005495277
Biotechplays,3,95,6.788179651063806E-7,gateway,0.004297120952946123
ATHX,3,95,6.797264646069055E-7,gateway,0.0043043909288071015
AITX,3,95,1.0285020536223998E-5,gateway,0.08116767593657176
BettingPicks,3,95,1.787269014239089E-5,gateway,0.14188556829209156
Casinogamblingbonus,3,95,3.4584637161780593E-7,gateway,0.0016326225733048296
BitMartExchange,3,95,1.4897907278616814E-6,gateway,0.01078667037563244
Bankruptcy,3,95,1.817749865298417E-7,gateway,3.196939383659331E-4
BorrowerDefense,3,95,4.2441593552553107E-7,gateway,0.0022613503080881276
CYDY,3,95,2.9178384707626658E-6,gateway,0.022214164406412704
ArkEcosystem,3,95,1.5428323382454363E-6,gateway,0.011211118850171542
Avax,3,95,2.40608903116222E-6,gateway,0.018119053654436452
Ardor,3,95,3.368915008886838E-6,gateway,0.02582375972454095
Blueacorn,3,95,9.116632126419062E-7,gateway,0.006160390363604941
BitcoinMining,3,95,2.515997225408146E-6,gateway,0.018998558726954353
Aeon,3,95,2.2951369264114197E-6,gateway,0.017231195022926967
Bogleheads,3,95,3.4580365989834054E-6,gateway,0.026536926664445414
CelsiusNetwork,3,95,3.5799517559194746E-6,gateway,0.02751251360478006
CardanoNFTs,3,95,2.1137354432033884E-6,gateway,0.01577958783623489
Amyris,3,95,3.7421122127963786E-7,gateway,0.0018596031849866888
AlgorandOfficial,3,95,2.6060626266890673E-7,gateway,9.505159413389932E-4
AirdropRating,3,95,1.4182412714869486E-7,gateway,0.0
CardanoStakePools,3,95,8.308136804901873E-7,gateway,0.005513417914225702
CosmosAirdrops,3,95,2.565543202808106E-7,gateway,9.180915719975511E-4
CoinSales,49,57,4.003682677795456E-6,gateway,0.08125032329055178
Coins4Sale,49,57,4.002949998673646E-6,gateway,0.08123490494094351
ComblocMarket,49,57,6.914412482202591E-6,gateway,0.14250312605728316
ComblocMarket2,49,57,6.929414217190614E-6,gateway,0.14281881950055256
BloxFruitsTrades,49,57,4.07193693765719E-6,gateway,0.08268665197725088
BloxFruitsTradingHub,49,57,4.04629584806723E-6,gateway,0.08214706613146062
ARKServers,49,57,1.7016178930611397E-5,gateway,0.3550826334107663
ARK_pc,49,57,4.76626165713492E-5,gateway,1.0
AnimalCrossingTrades,49,57,8.346575944923873E-6,gateway,0.17264128109282192
AC_trading,49,57,9.335296820828664E-6,gateway,0.19344772101433208
3dsFCswap,49,57,4.144389572186108E-6,gateway,0.08421133040188872
3dsFriendCodes,49,57,4.011562099511776E-6,gateway,0.08141613622982731
Ark_PS4_Community,49,57,3.838809454913741E-5,gateway,0.8048288551819205
AnimalCrossingTrading,49,57,3.808332820077311E-5,gateway,0.7984154144709241
CoDCompPlays,49,57,5.044923675635995E-6,gateway,0.10316198591783976
COD_LFG,49,57,3.323360979366037E-6,gateway,0.0669337725929467
ACVillager,49,57,2.8430977183780405E-6,gateway,0.0568272107413918
AdoptMyVillager,49,57,6.859939344166237E-7,gateway,0.011433559834219776
ACNHTrade,49,57,7.230729196156481E-6,gateway,0.14915963029972507
AdoptMeTradingRoblox,49,57,1.6093666145268947E-5,gateway,0.3356694630076555
BattlefieldLFG,49,57,9.505364087935981E-6,gateway,0.19702658180499324
ConanExilesServers,49,57,2.0990108164505626E-5,gateway,0.4387091875499095
ACVillagerExchange,49,57,6.86432054706253E-6,gateway,0.1414490016178754
ACNHvillagertrade,49,57,8.451816347937479E-6,gateway,0.1748559386124321
Borderlands3Exchange,49,57,4.020527781636352E-6,gateway,0.08160480821099655
BorderlandsGuns,49,57,4.033180762702266E-6,gateway,0.08187107495704359
AVexchange,49,57,7.751975706124408E-6,gateway,0.1601286352618382
AppleBandMarket,49,57,3.6395014678384673E-6,gateway,0.07358656838239445
Animalcrossingfriends,49,57,1.2543975893353258E-5,gateway,0.2609705072494218
CasualPokemonTrades,49,57,2.7863268413321853E-7,gateway,0.002861132987647253
BDSPTrades,49,57,1.4573844463737125E-7,gateway,6.453378824753377E-5
BankBallExchange,49,57,1.4267180258412926E-7,gateway,0.0
BalisongSale,49,57,7.288640285917454E-6,gateway,0.15037829942997705
BitMarket,49,57,4.813922890642299E-6,gateway,0.09830085263753482
BSTsquishmallow,49,57,7.050590708767481E-6,gateway,0.14536883280899637
ApexLFG,49,57,4.296076687120096E-6,gateway,0.08740340302891104
CigarMarket,49,57,5.788278904010061E-6,gateway,0.11880500132939543
BikeShop,49,57,1.655789387984509E-5,gateway,0.3454385765206257
ContestOfChampionsLFG,49,57,7.386946646690442E-6,gateway,0.15244703838267054
BoardGameExchange,49,57,3.9381261703284416E-6,gateway,0.07987076555356332
AnimalCrossingAmiibos,49,57,1.2289248297663742E-6,gateway,0.0228588865679036
CaseClickerTrades,49,57,2.7666390581827956E-6,gateway,0.05521823033185434
ACTrade,49,57,4.89737712474581E-6,gateway,0.10005704647381988
BeyondTheFog,49,57,1.5335442848531097E-6,gateway,0.029269236086806292
ClashLoL,49,57,2.530573540621774E-6,gateway,0.050250515855128186
ClubNintendoTrade,49,57,1.568752128883599E-6,gateway,0.03001014275666487
ClashRoyaleTrade,49,57,8.956103133545396E-7,gateway,0.01584468404654624
Cash4Cash,49,57,8.879656390344714E-7,gateway,0.01568381108347215
ARKbuyandsell,49,57,3.0898657337968716E-6,gateway,0.062020146394402745
CivcraftExchange,49,57,1.3815223146833223E-6,gateway,0.026070116834678886
AdoptASilver,49,57,1.093050421840393E-6,gateway,0.01999957331349739
AdvertiseYourServer,49,57,1.115154912877438E-5,gateway,0.23166856316353301
CFMmadden,49,57,5.541894831645609E-7,gateway,0.008659893915763195
CSRRecruiting,49,57,8.619692712403736E-7,gateway,0.015136748835807562
BreedablePokemon,49,57,6.981707033693018E-7,gateway,0.011689805269940103
BreedingDittos,49,57,3.66704981022703E-7,gateway,0.004714508392817642
ClashofClansAccounts,49,57,4.416055116834049E-7,gateway,0.0062906998430639
BestPolishInfluencer,6,47,1.4191581500973896E-6,gateway,3.99224548908612E-4
BestPolishNSFW,6,47,1.4123788120934002E-6,gateway,3.938522906264276E-4
Atman96,6,47,1.726530074791326E-5,gateway,0.012956434524527907
Adaland,6,47,1.9352728875518755E-5,gateway,0.014610608286094898
BestPolishNSFW_,6,47,1.4108084350249643E-6,gateway,3.9260785183209505E-4
ArabalariSikeyim,6,47,1.71092918267459E-5,gateway,0.012832805902036625
AteistTurk,6,47,1.698667647721513E-5,gateway,0.01273563987688019
AnketTR,6,47,1.691352408426223E-5,gateway,0.012677670566503343
AnimeMeme,6,47,0.0012628312440704117,gateway,1.0
BanderitaX,6,47,1.1281160644367792E-6,gateway,1.6858945530001348E-4
AllHayganeen,6,47,1.1142405397987142E-6,gateway,1.5759385335294552E-4
BAYIRDOMUZLARI,6,47,1.723075573458764E-5,gateway,0.012929059472002496
BarbiroseLoR,6,47,1.7112370986263053E-5,gateway,0.012835245969224375
CAIRO,6,47,1.10573945216229E-6,gateway,1.5085720171594504E-4
AburobSubmissions,6,47,1.104504954596201E-6,gateway,1.4987892924009925E-4
CodingTR,6,47,1.7243441460843783E-5,gateway,0.012939112223156808
2anatolia4you,6,47,5.1548220506718064E-5,gateway,0.04012379209001874
Baxov,6,47,2.335763740759723E-6,gateway,0.0011255848473676157
Agraelus,6,47,2.3994793559474146E-6,gateway,0.0011760760223459277
Cagneliler,6,47,1.9351808655492945E-5,gateway,0.014609879061552299
ClumsyKitty,6,47,3.0027298913626235E-5,gateway,0.02306962703722274
CartalkHungary,6,47,3.6742903049399636E-6,gateway,0.0021862946712633232
444,6,47,9.865974654132983E-6,gateway,0.0070928692521514845
CZSK_InfluencerkyDS,6,47,2.3641643290251093E-6,gateway,0.001148090775739655
Bacolod,6,47,6.150913297664549E-5,gateway,0.04801727586132367
Bicol,6,47,4.206900365890585E-5,gateway,0.032612026016500456
Beiruttime,6,47,1.0467881929602E-6,gateway,1.0414152087701092E-4
BPOinPH,6,47,4.314496862864767E-5,gateway,0.03346466999392631
AntiworkPH,6,47,2.8379357462157938E-5,gateway,0.021763722669274763
Cebu,6,47,5.925650524846963E-5,gateway,0.04623219036149323
Animezx,6,47,2.3613849124972594E-6,gateway,0.0011458882386405174
CasualPH,6,47,4.7289706595499926E-5,gateway,0.03674915040437389
AskTurkey,6,47,1.541552272077502E-5,gateway,0.011490585599360259
Accenture_PH,6,47,4.938953832883421E-5,gateway,0.03841315335185347
AsheruIMBA,6,47,7.220104447233316E-5,gateway,0.0564900367785827
Brno,6,47,2.2629462732439565E-6,gateway,0.0010678809472642336
31MillionRegrets,6,47,4.15356958094937E-5,gateway,0.03218940842326756
AlasFeels,6,47,8.728486748083799E-5,gateway,0.06844314975757229
AccountingPH,6,47,1.1555832368354173E-4,gateway,0.0908483328538523
AskSerbia,6,47,1.3349040321711103E-6,gateway,3.3245772262391685E-4
AskPhilippines,6,47,5.067355445603859E-5,gateway,0.039430666606063945
ChikaPH,6,47,3.474353066989123E-5,gateway,0.02680698533067052
Antalya,6,47,1.4356012671593627E-5,gateway,0.010650981255481433
Ajar_Malaysia,6,47,3.8639743977890694E-5,gateway,0.029894523406031215
AskPH,6,47,1.0228280601111178E-5,gateway,0.007379977097075704
AkoBaYungGago,6,47,1.4609537638694353E-5,gateway,0.01085188606409931
AlbanianNews,6,47,9.153703546525987E-7,gateway,0.0
CelebLBDs,7,125,3.463966740864748E-5,gateway,0.049040824662073025
CelebrityFeetPosts,7,125,3.838515162036816E-5,gateway,0.054546143353177874
CelebsInTights,7,125,4.0024143615387684E-5,gateway,0.05695522392986703
CelebrityBelly,7,125,4.0122558181450245E-5,gateway,0.0570998790717378
CelebrityFeet,7,125,3.825556895227655E-5,gateway,0.05435567562074008
BeautifulIndianWomen,7,125,3.843872205163125E-5,gateway,0.05462488411935179
BollywoodInBikinis,7,125,3.2130417953474834E-5,gateway,0.04535259180743223
1998TeenMovie,7,125,3.5714835678010716E-5,gateway,0.05062116611722737
ChavGirls1,7,125,1.4747118201900226E-4,gateway,0.21488679042164763
ChavsGalore,7,125,2.1048619704315048E-4,gateway,0.307509725247295
CelebPortraits,7,125,3.155639990364253E-5,gateway,0.04450886850754905
CelebsPH,7,125,6.417077020675596E-5,gateway,0.09244726372664368
CelebsPHnsfw,7,125,6.818512317663972E-5,gateway,0.09834778050592556
ApsaraBaazaar,7,125,2.5232957930973607E-5,gateway,0.03521432571510776
ApsaraBazaar,7,125,1.994332702154888E-5,gateway,0.02743933528167497
CelebrityArmpits,7,125,5.219997594081665E-5,gateway,0.07485193193658643
AI_Girl,7,125,6.816144888615939E-4,gateway,1.0
AInsfw,7,125,6.717804494178564E-4,gateway,0.985545387966327
BillieEilish1,7,125,2.1414310766418312E-4,gateway,0.31288485360337526
BillieEilishGW,7,125,1.827759176593835E-4,gateway,0.2667796325800224
AiUncensored,7,125,5.628453206935381E-4,gateway,0.8254265444781607
CherryBarbie,7,125,4.6299076192544426E-5,gateway,0.0661784649448314
Ayonnarenee,7,125,2.5682006797648455E-5,gateway,0.035874362436445
Celebhub,7,125,5.4815477948485405E-5,gateway,0.078696340636637
AlexisRen,7,125,3.715123124277119E-4,gateway,0.5441947658646125
AshleyTervort,7,125,3.6463162973278184E-4,gateway,0.5340811600110831
AngieVaronaLegal,7,125,3.050083590330258E-4,gateway,0.44644359753491547
Anna_Faith,7,125,3.654638425958083E-4,gateway,0.535304392247775
AnyaTaylorJoy,7,125,1.5492645283053983E-4,gateway,0.2258449574905593
AnyaTaylorJoyFans,7,125,2.1703507791174113E-4,gateway,0.3171356305278055
CelebsNL,7,125,2.9232990065246584E-5,gateway,0.04109379294258176
BelgiancelebsNSFW,7,125,2.6822144247040885E-5,gateway,0.03755019916562591
BellaThorne,7,125,1.9571329174968786E-4,gateway,0.2857956965565536
AddisonRae,7,125,1.9665216428450865E-4,gateway,0.2871757030449909
AltarOfVenus,7,125,8.349692532307129E-5,gateway,0.12085390942978054
1110AsleepShower,7,125,1.0962628295866821E-4,gateway,0.15926027636297066
ActressArmpitFans,7,125,6.519147056549416E-5,gateway,0.0939475452510977
Catherine_Paiz,7,125,4.937365308082451E-4,gateway,0.72384664421198
Alahnalyy,7,125,5.24083921466556E-4,gateway,0.7684529080682376
BollywoodCougars,7,125,4.984281857430271E-5,gateway,0.07138725239872154
Bengali_Exhibitionism,7,125,5.010704473363313E-4,gateway,0.7346264380807486
BlackCrossdressers,7,125,5.624863649898694E-4,gateway,0.8248989316428157
BackshotsHQ,7,125,5.833191085244487E-4,gateway,0.8555200438635032
Bad_Hunnies,7,125,9.691242515196773E-5,gateway,0.14057274891318278
CelebsBR,7,125,6.53292732435001E-5,gateway,0.09415009520619735
ClappingDemCheeks,7,125,5.837400616245398E-4,gateway,0.8561387838818855
ChocolateBeauties,7,125,8.135049978021039E-5,gateway,0.11769897511629474
CamilaCabello,7,125,1.7842295247288978E-4,gateway,0.26038140494153955
AsianHottie_NSFW,7,125,4.027309180655946E-4,gateway,0.5900815894135255
BarbaraPalvin,7,125,1.634561192777527E-4,gateway,0.23838233035513692
Bellapoarch,7,125,2.544382355254456E-4,gateway,0.3721128487130263
Blackcelebrity,7,125,5.199482667321649E-5,gateway,0.07455039226012715
BadGirlsFromEarth,7,125,2.058920897522914E-4,gateway,0.3007570536813165
Best_Gifs_NSFW,7,125,2.724342513567244E-4,gateway,0.3985643825391008
BollyGlamandRP,7,125,9.945396312659256E-5,gateway,0.1443084412095406
BigArms,7,125,1.1597976468565877E-4,gateway,0.16859897323846096
BabyAkiraa,7,125,5.6236711560014776E-5,gateway,0.08078534796484693
BunnieMaiOF,7,125,1.536213583256001E-5,gateway,0.020705648512593988
Baddiescentral,7,125,4.247883196763551E-4,gateway,0.6225027714291719
BollyBlindsNGossip,7,125,4.0421372342752616E-5,gateway,0.057539092560406874
BollywoodHotTakes,7,125,1.6056539836138936E-5,gateway,0.021726321708363475
BestForMyGuest,7,125,4.845514682285129E-4,gateway,0.710345934065898
ClappingHOF,7,125,2.2516126522403022E-4,gateway,0.3290799475690491
BelleDelphineGoneWild,7,125,1.8689041902879297E-4,gateway,0.2728273529849578
BelleDelphineOFNS,7,125,3.479522748794145E-4,gateway,0.5095649269049692
ChantelJeffries,7,125,3.7308047278973274E-4,gateway,0.5464997342114732
BrookeMonk,7,125,3.8994878728775874E-4,gateway,0.571293710595839
BigEbonyDSLs,7,125,2.7945169305051303E-4,gateway,0.40887900429071805
AlisonBrie,7,125,1.6941080532114082E-4,gateway,0.247134855401629
BengaliCelebs,7,125,1.0132459768818677E-4,gateway,0.14705800277061848
AsianTikTokGirls,7,125,3.539217857958059E-4,gateway,0.51833924236515
BeyoncePics,7,125,1.8632007572476987E-4,gateway,0.2719890310285712
Cholansfw,7,125,3.9120820405130237E-4,gateway,0.5731448706211651
Bellissima,7,125,7.802765237351804E-5,gateway,0.11281487124569033
Allhoesmatter,7,125,2.2121316480894668E-4,gateway,0.32327681243861617
BlouselessSaree,7,125,4.835521765993617E-4,gateway,0.708877120269643
BrieLarson,7,125,7.653620213250259E-5,gateway,0.11062265565363925
CelebFun,7,125,7.432507547185462E-6,gateway,0.009050244739598
CelebWouldYouRather,7,125,9.1814023023976E-6,gateway,0.011620866437725887
AubreyPlaza,7,125,1.450147483091429E-4,gateway,0.211276189054265
AesPleasingAsianGirls,7,125,2.32675777657206E-4,gateway,0.3401251912316561
CelebFakes,7,125,4.289595351751345E-5,gateway,0.06117636806978845
BearsNSFWLikes,7,125,6.411806987606262E-4,gateway,0.9405681915041889
BTBaron_JJ_Legends,7,125,3.2645991742766885E-4,gateway,0.47797427787093033
AvaDevine,7,125,3.0719016468574924E-4,gateway,0.4496505354797369
CharliDamelioMommy,7,125,2.881985841386466E-4,gateway,0.4217356658795912
BackshotsFromBBC,7,125,2.500888306471629E-4,gateway,0.3657198542113642
AltBlonde,7,125,1.478600041605666E-4,gateway,0.21545830259002657
Addisoneasterling,7,125,5.444042158897294E-4,gateway,0.7983207944009522
CorpusChristiCasuals,7,125,1.743960328297536E-4,gateway,0.2544624169747607
CardiB,7,125,1.6923594872129562E-4,gateway,0.24687784155429293
AlexaBliss,7,125,1.580867455852674E-4,gateway,0.23049012959341328
BountifulBlackGranny,7,125,3.1403021403708653E-4,gateway,0.459704416210073
AOCisMommy,7,125,2.4389317897259582E-4,gateway,0.3566131446273718
1960s,7,125,3.084072883617273E-5,gateway,0.04345693581161215
BollywoodJOfantasies,7,125,4.566023028833857E-5,gateway,0.06523945409914303
BackSilhouettesGW,7,125,6.779653800742269E-4,gateway,0.9946363392081321
BaddestGirls,7,125,8.4741420343397E-5,gateway,0.12268313665624869
BollywoodShaadis,7,125,8.406272240943172E-6,gateway,0.010481537642263714
Ayleks,7,125,3.054229883258885E-4,gateway,0.4470530424736322
Arknuts,7,125,2.445120389168561E-4,gateway,0.3575227790099306
AvneetKaur,7,125,1.1575040271735702E-4,gateway,0.1682618444028437
ChicasOnlyfans,7,125,1.1126238565071535E-4,gateway,0.16166511008324314
CaughtSlipinLive,7,125,1.2309104413627705E-4,gateway,0.1790515228860199
BleachedEdits,7,125,3.702149418555712E-4,gateway,0.5422878192440007
AltFashion,7,125,9.790414425311468E-5,gateway,0.14203043219129804
ArabCeleb,7,125,6.115879907091507E-5,gateway,0.08802010289672378
BeautifulWomenFitness,7,125,2.5397564955036923E-5,gateway,0.035456274172246394
BlackpinkFap,7,125,9.055057322164763E-5,gateway,0.13122174905248848
Calfmuscle,7,125,1.149539541736947E-4,gateway,0.1670911805297438
AmandaCernyFeet,7,125,9.699567637941942E-6,gateway,0.012382494346322612
BollywoodFashion,7,125,1.3676409352616709E-5,gateway,0.018227875019628505
AnimeGirlsAndThongs,7,125,7.895537677485436E-5,gateway,0.11417849159439941
BlissfullCreations,7,125,8.380325616062431E-5,gateway,0.12130417134261015
Barbie_Gracia,7,125,7.614455376303731E-6,gateway,0.009317681665727927
AuntNSFW,7,125,1.2781879506998646E-5,gateway,0.01691304585457114
AmberHeardFans,7,125,5.060682916230202E-5,gateway,0.07251023718054293
BallbustingStories,7,125,7.37976271493358E-5,gateway,0.10659734752534948
BailyJayBatrs,7,125,3.73716054833656E-5,gateway,0.053056377497303686
CelebEvents,7,125,2.7210325606288095E-6,gateway,0.0021250596794139542
CelebrityNumberSix,7,125,2.1683370108633267E-5,gateway,0.029996946311158557
BlackedFantasy,7,125,1.0123216564130958E-5,gateway,0.013005196838170367
AnimuTickling,7,125,1.711291992926756E-6,gateway,6.408874585989739E-4
BeautifulFemales,7,125,1.2752711206835701E-6,gateway,0.0
CelebrityBreeding,7,125,1.426119131245441E-6,gateway,2.2172470236651477E-4
Argaming,8,76,1.1350053205692495E-5,gateway,0.057732767334764214
ArgenGaming,8,76,1.14831424127197E-5,gateway,0.058445493997949946
Burises,8,76,1.3657275139136687E-5,gateway,0.07008852950799936
ArgentinaBenderStyle,8,76,1.355280192011211E-5,gateway,0.0695290487623335
Cordoba,8,76,1.3412266990121328E-5,gateway,0.06877644835279845
BuenosAires,8,76,1.254576750195597E-5,gateway,0.06413612249432372
Bogota,8,76,1.3374732531012436E-5,gateway,0.06857544174683307
Confesiones,8,76,1.3355077697180578E-5,gateway,0.06847018509646031
ConfesionesReales,8,76,1.3327037399479263E-5,gateway,0.06832002214739934
ColombiaReddit,8,76,1.1611949574604553E-5,gateway,0.05913528921677523
Asi_va_Espana,8,76,1.2605029411261574E-5,gateway,0.06445348514015242
BocaJuniors,8,76,1.3506109208363443E-5,gateway,0.06927899737662709
CARiverPlate,8,76,1.3326222657288393E-5,gateway,0.06831565899507447
Carola,8,76,1.371596886566064E-5,gateway,0.07040284939005262
AradirOff,8,76,1.2251720892292626E-5,gateway,0.06256142786951022
Caliebre,8,76,1.3818212323275398E-5,gateway,0.07095038919441438
CDMX,8,76,1.1159518980168634E-5,gateway,0.056712407939636555
Argnime,8,76,1.3422202559007185E-5,gateway,0.06882965585938026
AskArgentina,8,76,9.210445137684312E-6,gateway,0.04627462017993885
AskRedditespanol,8,76,9.113581687925674E-6,gateway,0.04575589169043016
CelebsARG,8,76,2.8312146246424096E-5,gateway,0.1485691036809209
CelebsARG_,8,76,4.055964848925796E-5,gateway,0.21415760331117534
BuenosMemesEsp,8,76,1.3704420773183709E-5,gateway,0.07034100640818286
CRFla,8,76,1.5738467282380457E-6,gateway,0.005378687113469439
Corinthians,8,76,1.578215775398162E-6,gateway,0.005402084475834775
Carreraaa,8,76,1.1903158309351188E-5,gateway,0.060694786297286654
AuronPlay,8,76,1.1788381068696491E-5,gateway,0.06008012488657763
Argentinas_LO,8,76,2.991839234712763E-5,gateway,0.1571709614061345
Colombia,8,76,1.3684755761928967E-5,gateway,0.07023569525511365
CasualPT,8,76,1.5867852249195633E-6,gateway,0.0054479760646356495
cachorros,8,76,1.6591587696960944E-6,gateway,0.005835554864026615
CallofDutyMobileES,8,76,1.1599788558469106E-5,gateway,0.059070163872318164
ConsejosDePareja,8,76,9.408194695905206E-6,gateway,0.047333619522751225
BOLIVIA,8,76,1.2908427203445007E-5,gateway,0.06607825773344478
ArgentinaGW,8,76,1.3516422902727042E-5,gateway,0.06933422984162617
ApoioVet,8,76,1.5074534961804754E-6,gateway,0.005023134414648152
ArgEntos,8,76,1.3499803660034497E-5,gateway,0.06924522955637756
Aww_Espanol,8,76,1.3314745116029591E-5,gateway,0.06825419383297991
BeelcitosNSFW,8,76,1.2089539118319286E-5,gateway,0.06169290308695642
ArgNSFW,8,76,1.1431157072705787E-5,gateway,0.05816709923739571
CORNOSECUCKOLDS,8,76,1.6410815149405902E-6,gateway,0.005738746552148889
Alfajor,8,76,1.3299017815908583E-5,gateway,0.0681699701277934
BeelcitosMemes,8,76,1.1834458385525218E-5,gateway,0.06032688067546123
ArgentinaCocina,8,76,1.3172548593506819E-5,gateway,0.0674926951714577
Arigameplays_,8,76,1.1826486927234864E-5,gateway,0.060284191482288356
Arigameplays_Amablitz,8,76,1.3458193400935594E-5,gateway,0.06902239600146884
Conquistas,8,76,1.5678524876276366E-6,gateway,0.00534658642548716
AutoTuga,8,76,1.726005327356273E-6,gateway,0.006193535237122178
AliExpressBR,8,76,1.5494676601703222E-6,gateway,0.005248130983309804
ArAutos,8,76,1.2953356466761371E-5,gateway,0.06631886540282791
BeloHorizonte,8,76,1.570587189648114E-6,gateway,0.005361231452603925
Corrida,8,76,1.5504838170180357E-6,gateway,0.005253572762515809
Arigam3plays,8,76,1.4921465118447854E-5,gateway,0.07685858942279848
AngelaAguilar69,8,76,1.324912510761878E-5,gateway,0.06790278194408575
ArgentinasHott,8,76,1.2138302213385937E-5,gateway,0.061954041903617627
Alanaflores1,8,76,1.2030479932167568E-5,gateway,0.0613766260753444
AmizadeVirtual,8,76,1.9591779615551892E-6,gateway,0.007442234190485457
CharruaDevs,8,76,1.0858943362005112E-5,gateway,0.055102748808337626
ChratosGameplay,8,76,3.61542133754505E-6,gateway,0.016311840082354805
AgiotasClub,8,76,6.7119865995000125E-6,gateway,0.03289473719165127
AutoLink,8,76,1.5975675447919038E-6,gateway,0.00550571813881033
ArgamingConsultas,8,76,7.970829307076666E-6,gateway,0.039636161101881597
Choke7,8,76,2.7971521813274707E-6,gateway,0.01192979995809783
BoavistaFC,8,76,1.6523703992707286E-6,gateway,0.0057992014082520185
30mais,8,76,1.0998338570840605E-6,gateway,0.0028402272374886094
2latinoforyou,8,76,9.273447813071753E-6,gateway,0.04661201558264409
Barcelona,8,76,2.9336274108586186E-5,gateway,0.15405356970321163
AskBarcelona,8,76,9.0443622665689E-6,gateway,0.045385204026770286
BundaBoa,8,76,1.0000749762112632E-5,gateway,0.05050690310092663
ActualidadMundial,8,76,4.930635981176299E-6,gateway,0.023355150094237973
BajaCalifornia,8,76,5.28125624642649E-5,gateway,0.279775084148095
CostaRicaTravel,8,76,1.8730193669858788E-4,gateway,1.0
Aruba,8,76,1.366727105414603E-4,gateway,0.7288675751800904
BoletimDaCamara,8,76,5.694712225155185E-7,gateway,0.0
CaminoDeSantiago,8,76,4.7967454473776595E-5,gateway,0.25382829456260025
ChileGoneWild,8,76,2.5136332708125495E-6,gateway,0.010411483848512424
BrownsvilleTXGloryho,9,116,5.720412817337223E-5,gateway,0.12059723704286894
AlabamaNaughtyHookup,9,116,5.911046185909193E-5,gateway,0.12474614275671027
Cliftonanyomoushookup,9,116,8.22852917682719E-5,gateway,0.17518336943310817
Atlantahotnready,9,116,8.273553805103798E-5,gateway,0.17616327625068023
BrownsvilleTxOA,9,116,4.5166189011431534E-5,gateway,0.09439811201770605
ChillicotheMOsecrets,9,116,5.8728726922430416E-5,gateway,0.12391534263407072
CentralTexas_hookup,9,116,3.6616826449721606E-4,gateway,0.7930204755180904
ColoradoFreeHookups,9,116,3.537698232210281E-4,gateway,0.7660367610515004
BestOnlyfansGirls,9,116,7.18193499309912E-5,gateway,0.1524055072913963
AltGirlsOF,9,116,9.209764512237357E-5,gateway,0.19653877494370903
209BiGuys,9,116,2.3303964373337868E-4,gateway,0.503282063245123
806MensRoom,9,116,2.5383588391064026E-4,gateway,0.5485425757903246
CentralTexasKink,9,116,3.402198993468587E-4,gateway,0.7365469833673629
ArizonaEastVallyNSA,9,116,4.021568727292658E-4,gateway,0.8713453477299443
ArizonaNaughty_REAL,9,116,3.9419168308935646E-4,gateway,0.8540100716151683
AustinNSFW,9,116,4.366963373632487E-4,gateway,0.9465163334007196
Charlestonscunicorns,9,116,2.488111359994204E-4,gateway,0.5376068170217324
ColoradoCheaterss,9,116,1.6675458200566878E-4,gateway,0.35902060817851145
Boisensa,9,116,3.556078992814231E-4,gateway,0.7700371122631345
CentralKentuckyGW,9,116,3.220489126708873E-4,gateway,0.697000018945124
Brisbanensfw,9,116,3.8248309482235437E-4,gateway,0.8285277391537132
AmarilloGW,9,116,4.3663102631017283E-4,gateway,0.9463741917581976
ArizonaWestSideHookup,9,116,1.761298309898436E-4,gateway,0.3794247086623379
Bakersfieldfwb,9,116,2.8899011940576656E-4,gateway,0.6250515362121145
661couplesSingles,9,116,3.588987424468914E-4,gateway,0.7771992361425184
CasualTexasNSFW,9,116,3.6258947554902504E-4,gateway,0.7852316723158974
AmarilloNSAfun,9,116,3.255324594397577E-4,gateway,0.7045815390127104
Augustansfw,9,116,4.1820124234763815E-4,gateway,0.9062639862050947
ArkansasHotWives,9,116,3.5015371276971024E-4,gateway,0.7581667320918589
ClevelandOHr4r,9,116,3.0547395429577533E-4,gateway,0.6609266179323198
ColumbusOHhookup,9,116,2.2877923018123394E-4,gateway,0.49400978617095115
AlabamaNudists,9,116,3.571228784696379E-4,gateway,0.7733342820385098
Alaskar4r,9,116,3.0734525085873086E-4,gateway,0.6649992695674959
AlbuquerquePersonals,9,116,2.747120961655363E-4,gateway,0.5939771379325779
CTHookups2,9,116,1.3280694997522009E-4,gateway,0.2851376749031978
CThookups,9,116,2.1989929801375283E-4,gateway,0.47468368309457565
AdelaideNaughty2Night,9,116,3.622658317481664E-4,gateway,0.784527300555229
AgeGapPersonals,9,116,4.658869222555326E-5,gateway,0.09749401897105728
AgeGapRomance,9,116,3.715202711592029E-5,gateway,0.07695625368565695
ArizonaSinglesR4R,9,116,9.868831067957217E-5,gateway,0.21088256490719343
ArkansasHookup,9,116,2.82799662552927E-4,gateway,0.6115787523021254
ChicagoHotwife,9,116,3.3372235227262015E-4,gateway,0.7224058545690832
757kink,9,116,3.2972755010177873E-4,gateway,0.7137116486824511
BowlingGreenKYr4r,9,116,3.403518564280947E-4,gateway,0.7368341720649257
AlbuquerqueHookup,9,116,3.2051189407645517E-4,gateway,0.6936548830560143
Brookemonk_TheGoddess,9,116,2.387428024556871E-4,gateway,0.5156943014525155
AnythingGoesHereSub,9,116,2.781524636300914E-4,gateway,0.6014646834438024
CampLejeuneGW,9,116,4.612709414411058E-4,gateway,1.0
ColoradospringsNSA,9,116,3.644013011687745E-4,gateway,0.7891748926044402
CentralPAR4R,9,116,3.0123703844397976E-4,gateway,0.6517054807734581
Baddies_of_NC,9,116,3.428580179166082E-4,gateway,0.7422885307626672
18plus_chat,9,116,3.047085330156484E-4,gateway,0.6592607706851125
1nccestNL,9,116,1.9976182234787682E-4,gateway,0.43085689218259976
Brisbanenaughty,9,116,2.8085596788212134E-4,gateway,0.607348534903106
209_meetups,9,116,3.3558127885966946E-4,gateway,0.726451584441243
Corpuschristiwife,9,116,2.967851443886807E-4,gateway,0.642016469441492
Coloradobipersonals,9,116,2.6750848199222864E-4,gateway,0.5782993391149691
CharlotteNCUncensored,9,116,4.2006833840982946E-4,gateway,0.9103274959561652
ArizonaRoadhead,9,116,3.020736124750633E-4,gateway,0.6535261834151909
BestOfOnlyfans,9,116,1.453649039824194E-5,gateway,0.02773626129269856
BiCuriousGuysMN,9,116,3.096711373249032E-4,gateway,0.6700612813871136
AlbertaJObuds,9,116,2.767250982111099E-4,gateway,0.5983581944870612
ArizonaBjs,9,116,2.700662997649307E-4,gateway,0.5838661214950024
ContentCreatorHub,9,116,3.711322087525187E-4,gateway,0.8038239024513135
AdelaideMenBateDates,9,116,2.78762221318842E-4,gateway,0.6027917476287701
Connecticut_Singles,9,116,2.8930871602318194E-4,gateway,0.6257449233857802
AustinTXgloryhole,9,116,3.085026393992071E-4,gateway,0.6675181863577133
AlabamaHookUps_,9,116,2.7609503452377356E-4,gateway,0.5969869367413395
CentralTexasHookups,9,116,2.433338646743785E-4,gateway,0.5256861955340275
AustinTXBadBoy,9,116,2.3680933798304454E-4,gateway,0.5114863488479181
ChicagoMale4Male,9,116,1.7824748973612587E-4,gateway,0.3840335379235696
559NSFW,9,116,4.291825209855925E-4,gateway,0.930163416838663
AlbertaHookups,9,116,2.922327775936392E-4,gateway,0.6321087912900049
Coloradohotwives,9,116,2.2554800067893085E-4,gateway,0.48697740425100583
Colorado_Girls_NSFW,9,116,3.0807255662152963E-4,gateway,0.6665821629809575
AnchorageUncensored,9,116,2.9993261183826125E-4,gateway,0.6488665533399804
Columbushookups,9,116,8.357871940850097E-5,gateway,0.17799835894264976
AustinHookup,9,116,1.057870376949197E-4,gateway,0.226332089455597
BreedingR4R,9,116,3.454423259861253E-5,gateway,0.0712807029389903
BayAreaHookups,9,116,9.379907131575253E-5,gateway,0.20024172417461675
CatfishMePlease,9,116,1.2739294995359348E-4,gateway,0.27335475578849755
CatfishMePlease2,9,116,1.7922699061257146E-6,gateway,0.0
Bi_Georgia_Men,9,116,1.6149623900647413E-4,gateway,0.3475764578295342
AlbertaHookups2,9,116,1.1204318110417447E-4,gateway,0.2399478322459095
Cougars_Den,9,116,7.860738300914332E-5,gateway,0.1671788438980234
BreedingOntario,9,116,2.943634873407247E-4,gateway,0.6367460244829353
AtlantaBBCLovers,9,116,3.620875709172742E-4,gateway,0.784139337322253
CharlestonSCHookups,9,116,1.895618309195231E-4,gateway,0.408657839081226
CarolinaHookups,9,116,6.890813605511529E-5,gateway,0.14606960084735957
AdorableOnlyfans,9,116,2.4953348247493264E-4,gateway,0.5391789171435925
AffairsTX,9,116,2.973712253214765E-5,gateway,0.060818606732422606
2005girls_NSFW,9,116,1.1975858715638483E-4,gateway,0.2567394844600058
BritishNaughtyBits,9,116,1.9586880918986448E-4,gateway,0.4223842178253615
BaltimoreAndDCr4r,9,116,3.139447004626542E-5,gateway,0.06442562402569776
AtlanticCityGoneWild,9,116,8.297294658174977E-5,gateway,0.1766799673299825
Addison_rae_worship,9,116,2.147797195291917E-4,gateway,0.4635415370022268
AluaGirls,9,116,3.230566683760515E-4,gateway,0.6991932778874763
BiMenGoneWild,9,116,2.251402106828307E-4,gateway,0.48608989842894484
Cebu_r4r,9,116,3.620856944860729E-5,gateway,0.07490293168017367
CancunNSFW,9,116,3.503910052399106E-5,gateway,0.07235772338854746
BiforDesicelebs,9,116,3.0174198882699035E-4,gateway,0.652804444477962
CaliSissies,9,116,1.1438409610733166E-4,gateway,0.24504255186659807
BallBustingPersonals,9,116,9.599451000598307E-5,gateway,0.20501983211790004
BrisbaneSocial,9,116,3.428043656958549E-5,gateway,0.07070658264708257
CTGoneWild2,9,116,1.703354823130012E-4,gateway,0.3668140064996342
CharlestonNSFW,9,116,2.0720498957644832E-5,gateway,0.04119501126850044
CanberraNSFW,9,116,6.908503346031385E-5,gateway,0.1464545967484916
18F,9,116,4.2303318590901386E-5,gateway,0.08816741928290259
AgeGapGoneWild,9,116,2.4652240757348882E-5,gateway,0.04975197385083159
Chatpals,9,116,2.8088335865447067E-5,gateway,0.05723022109268772
CarolinaHotWives,9,116,5.897826140206427E-6,gateway,0.008935248768708421
AltYiff,9,116,2.2755491073113854E-6,gateway,0.0010517989868195194
AccuratelyRateMe,9,116,2.016769474159455E-6,gateway,4.885962764795044E-4
Blackmailers,9,116,3.187487978317319E-5,gateway,0.06547117796904592
BoysWithAbs,9,116,4.004381942522918E-6,gateway,0.004814395473476936
Bestonlyfanss,9,116,2.1364454460480926E-5,gateway,0.04259650287786031
90sAlternative,10,117,2.387387702899482E-5,gateway,0.023792202412750638
90smusic,10,117,2.5020313890040778E-5,gateway,0.025060809146304066
2000sMusic,10,117,1.6017570604614634E-5,gateway,0.015098689870128164
60sMusic,10,117,1.653434698829183E-5,gateway,0.01567053645178479
70smusic,10,117,1.683136451800117E-5,gateway,0.015999205610092295
BeatsNRhymes,10,117,3.083093605970077E-5,gateway,0.03149063939778444
3wy,10,117,3.449655541929475E-5,gateway,0.035546884935791716
80smusic,10,117,3.172168710744571E-5,gateway,0.03247631319761153
Alternativerock,10,117,6.939767833996417E-5,gateway,0.07416724079676944
AlkalineTrio,10,117,1.675296460413814E-4,gateway,0.1827566269486467
AFireInside,10,117,1.5306199831153117E-4,gateway,0.16674723650387172
Bronxghanistan,10,117,1.1288127843959796E-4,gateway,0.12228466423272842
Atlantology,10,117,9.21229220161294E-5,gateway,0.09931419666394477
ADTR,10,117,1.329798968474585E-4,gateway,0.1445250889030153
Chiraqology,10,117,1.7908296335752906E-4,gateway,0.19554112179537758
BritPop,10,117,5.548791105718172E-5,gateway,0.05877518124540474
AskMusicProducers,10,117,4.411690122336509E-5,gateway,0.04619242145057312
AngelsAndAirwaves,10,117,1.1587131174323418E-4,gateway,0.12559332998784134
CageTheElephant,10,117,1.2742539387352052E-4,gateway,0.1383786711510151
AnimalCollective,10,117,2.114612866743854E-4,gateway,0.2313698362903552
AussieHipHop,10,117,7.916163682234155E-5,gateway,0.08497169405342683
BetweenTheBuriedAndMe,10,117,1.2214169821950582E-4,gateway,0.13253191926045343
BlackCountryNewRoad,10,117,3.31366482453714E-4,gateway,0.3640527113114164
Blueridgerockfest,10,117,7.63354114107742E-5,gateway,0.08184429235388359
AftershockFestival,10,117,1.0653842021059405E-4,gateway,0.11526588026590115
AltJ,10,117,9.698864858815622E-5,gateway,0.10469843865985493
BreakingBenjamin,10,117,9.892233064744736E-5,gateway,0.1068381832583757
BlueOysterCult,10,117,1.2900101283636447E-4,gateway,0.14012219571280793
Coldplay,10,117,1.139717143291594E-4,gateway,0.12349130225965288
BeachHouse,10,117,1.2862519781519063E-4,gateway,0.1397063320201518
CartiCulture,10,117,4.743866243938605E-5,gateway,0.04986816565340357
CARTILEAKS,10,117,7.894633576212803E-5,gateway,0.08473344946795627
Bastille,10,117,1.5322411051441615E-4,gateway,0.1669266241693934
Chevelle,10,117,9.890729583437756E-5,gateway,0.10682154626270142
ChaseAtlantic,10,117,1.5883673864123675E-4,gateway,0.17313736117249345
AliceInChains,10,117,2.1539831234416296E-4,gateway,0.23572641051136875
AJR,10,117,5.15197157496926E-4,gateway,0.5674732747262404
BackstreetBoys,10,117,1.1454356663429708E-4,gateway,0.12412409392009707
BigTimeRush,10,117,1.8721037822614077E-4,gateway,0.20453463341301367
CartoonGangsters,10,117,9.060705212638006E-4,gateway,1.0
AskingAlexandria,10,117,1.1923067924875123E-4,gateway,0.12931068798877943
Bawskee,10,117,2.8522629553951134E-4,gateway,0.3129956022846116
6ix9ine,10,117,2.3921204361032058E-4,gateway,0.2620778484856475
ACDC,10,117,9.6336430318813E-5,gateway,0.1039767168482582
AcousticCovers,10,117,2.2872705232103686E-5,gateway,0.022684340893171527
CountryMusic,10,117,3.0556467897736706E-5,gateway,0.03118692257722097
CountryMusicStuff,10,117,8.454276314832592E-5,gateway,0.09092625930093394
CityMorgue,10,117,4.949942353520845E-4,gateway,0.5451174312068526
BadOmens,10,117,1.1017300329894134E-4,gateway,0.11928778215706161
Blackbear,10,117,1.0952839778519504E-4,gateway,0.11857448435322256
AboveandBeyond,10,117,1.0162231093914491E-4,gateway,0.10982588654574563
90sHipHop,10,117,7.705831506158037E-5,gateway,0.08264423212403924
BiffyClyro,10,117,8.377053079229683E-5,gateway,0.09007173411946644
BlocParty,10,117,9.038452248239068E-5,gateway,0.09739054484408351
5sos,10,117,3.721107061358066E-4,gateway,0.40913883709190785
CSHFans,10,117,7.651821584164944E-4,gateway,0.844097889852962
ChristianMusic,10,117,2.594506120292572E-5,gateway,0.026084102018177496
ChiefKeef,10,117,1.676328159669426E-4,gateway,0.18287079116188365
Billywoods,10,117,1.2324320924303423E-4,gateway,0.13375081264133842
BillyJoel,10,117,6.404036093365342E-5,gateway,0.06823902166289744
BillyStrings,10,117,1.7375773820379225E-4,gateway,0.18964841482017172
BeastieBoys,10,117,1.5699309741500487E-4,gateway,0.17109725259493028
AcousticOriginals,10,117,2.7537240081319006E-5,gateway,0.02784595120044162
CampFlogGnaw,10,117,2.455693766118084E-4,gateway,0.269112649726922
311,10,117,7.8471278538068E-5,gateway,0.08420776784191722
AndersonPaak,10,117,1.0232058386749933E-4,gateway,0.110598570824198
Cannibalcorpse,10,117,1.1932442427366215E-4,gateway,0.12941442293823893
Blink182,10,117,2.1112054277262337E-4,gateway,0.23099278106570184
BrentFaiyaz,10,117,1.0621566302864876E-4,gateway,0.11490872851316969
Broduce101,10,117,3.879108610432937E-6,gateway,0.001666694490328538
BroduceX101,10,117,2.7320533349797575E-6,gateway,3.97403441129141E-4
ConanGray,10,117,2.0030216617721106E-4,gateway,0.21902154578761118
BoomtownFestival,10,117,1.358329406993019E-4,gateway,0.14768216694590866
Alestorm,10,117,1.2702411328408472E-4,gateway,0.13793462815562668
Aerosmith,10,117,7.742469405039618E-5,gateway,0.0830496542349614
BeyondWonderland,10,117,7.915645895340916E-5,gateway,0.08496596440566664
CaliConnection,10,117,9.982141256176205E-6,gateway,0.008420095896510243
Bostonology,10,117,4.921166523397205E-5,gateway,0.051830108225425144
BombRush_Cyberfunk,10,117,8.020226957866568E-4,gateway,0.8848643335739662
BeatMarket,10,117,7.12133173172374E-6,gateway,0.005254424633268565
50cent,10,117,2.1848797671512774E-5,gateway,0.02155132077663689
AnnieClark,10,117,1.0888459797149595E-4,gateway,0.11786207810873564
Beck,10,117,6.26823892384426E-5,gateway,0.06673633791723729
2hollis,10,117,9.434034782037195E-5,gateway,0.1017679221171291
100gecs,10,117,2.539793455598315E-4,gateway,0.2784188257571514
Ashnikko,10,117,1.275988532571411E-4,gateway,0.13857061520788916
BonJovi,10,117,5.322134899236219E-5,gateway,0.05626708333338937
BruceSpringsteen,10,117,5.085029011777518E-5,gateway,0.05364335292471393
AcousticGuitar,10,117,1.6407856091200944E-5,gateway,0.015530566071177601
ArcaMusic,10,117,9.121539092900838E-5,gateway,0.098309954662357
ABBA,10,117,5.679149957054855E-5,gateway,0.060217686473587356
Beepbox,10,117,8.246644722938136E-5,gateway,0.08862868108685412
BandMaid,10,117,1.3654742100672295E-5,gateway,0.012484066900313288
Berghain_Community,10,117,3.847875930635757E-5,gateway,0.0399534517840536
Chiraqhits,10,117,1.0020951734113403E-5,gateway,0.008463042207219964
Cello,10,117,3.5909018048247077E-6,gateway,0.0013477749696172558
Clarinet,10,117,3.666801964165253E-6,gateway,0.0014317634180777716
BlackMetal,10,117,3.5964281647760815E-5,gateway,0.03717101919011625
BABYMETAL,10,117,6.64130973622381E-5,gateway,0.07086460839386123
ChanceTheRapper,10,117,6.788376065450665E-5,gateway,0.07249199269975276
Berleezy,10,117,1.2133897200446576E-4,gateway,0.13164365064645353
Bombing,10,117,8.804910109138006E-5,gateway,0.09480624962208782
BoysPlanet,10,117,8.464697157872232E-6,gateway,0.006740945594989922
BabyKeem,10,117,6.946731253119041E-5,gateway,0.0742442955451614
Accordion,10,117,3.6377891403534996E-6,gateway,0.001399658847038936
Bandlab,10,117,9.2033022123056E-6,gateway,0.0075582599865002325
BadBunnyPR,10,117,5.313188041189575E-5,gateway,0.056168080547036495
Buckethead,10,117,4.8590764193273576E-5,gateway,0.05114304095825635
BABYMETALReactVideos,10,117,2.3783764641200865E-6,gateway,6.037047461955024E-6
AnimeNYC,10,117,4.929760939891403E-6,gateway,0.0028293094280221497
ADO,10,117,4.093362423384879E-5,gateway,0.04266991902511754
Bandnames,10,117,1.8603351740630662E-5,gateway,0.01796002438588382
CastRecordings,10,117,3.8010093852265976E-6,gateway,0.0015802726328773794
CarnivalCruiseFans,10,117,3.283037078664326E-6,gateway,0.0010071026849924278
CampEDC,10,117,4.0397809659359184E-5,gateway,0.04207700545069407
BandCamp,10,117,2.3729207988148246E-6,gateway,0.0
BollywoodMusic,10,117,7.876996660018178E-6,gateway,0.00609061688154456
AskMec,11,7,0.0,gateway,0.0
AskMeuf,11,7,0.0,gateway,0.0
AskFrance,11,7,0.0,gateway,0.0
CestQuoiCeTruc,11,7,0.0,gateway,0.0
AujourdhuiJaiAppris,11,7,0.0,gateway,0.0
CineSeries,11,7,0.0,gateway,0.0
BonneBouffe,11,7,0.0,gateway,0.0
China_irl,12,6,0.0,gateway,0.0
CLTV,12,6,0.0,gateway,0.0
Chinatown_irl,12,6,0.0,gateway,0.0
4832,12,6,0.0,gateway,0.0
AsiaTripper,12,6,0.0,gateway,0.0
ACGN,12,6,0.0,gateway,0.0
Cakes,13,43,1.0214178313969187E-6,gateway,0.001369290013751949
CAKEWIN,13,43,1.0208648642464928E-6,gateway,0.001363096829720786
Breakfast,13,43,7.259419595227934E-6,gateway,0.07123436767771849
BreakfastFood,13,43,8.968062679519333E-6,gateway,0.09037102173834594
Baking,13,43,3.2068940807054563E-6,gateway,0.025846434085112866
BakingNoobs,13,43,2.6428279756958984E-6,gateway,0.019528942727126866
CA_Kitchen,13,43,1.635087233115241E-5,gateway,0.1730578482603141
ARADkitchen,13,43,2.5795542355048177E-5,gateway,0.2788373317731196
Bread,13,43,7.264343389462301E-6,gateway,0.0712895137452589
Breadit,13,43,1.30454364935807E-5,gateway,0.1360372541264357
BreadMachines,13,43,4.436201923768876E-6,gateway,0.03961457509887927
Cheap_Meals,13,43,1.1946846035701434E-5,gateway,0.12373313646721107
15minutefood,13,43,1.1674986037249805E-5,gateway,0.12068832810956094
CastIronCooking,13,43,1.6577300175089054E-5,gateway,0.17559382043551314
Chefit,13,43,2.3340715963434105E-5,gateway,0.2513434895148349
Cooking_ac,13,43,1.0929320472012354E-5,gateway,0.11233693857826564
CampfireCooking,13,43,7.38044968566365E-6,gateway,0.07258989417291703
AnimalBased,13,43,1.8198276485786557E-5,gateway,0.19374861425025228
Charcuterie,13,43,9.05725747959554E-6,gateway,0.09136999574804854
Cooking,13,43,9.739905111035472E-6,gateway,0.09901558989715684
AskCulinary,13,43,3.3127443056441547E-6,gateway,0.027031947405896022
ChickFilA,13,43,2.425835947699364E-5,gateway,0.261621017122217
BurgerKing,13,43,1.155002557578E-5,gateway,0.11928878180033525
CannedSardines,13,43,1.35781296125845E-5,gateway,0.14200337076751285
AskRedditFood,13,43,7.713750100342918E-6,gateway,0.07632282985305996
BuffaloWildWings,13,43,1.2285967695836697E-5,gateway,0.1275312695905869
BabyLedWeaning,13,43,2.151584270460073E-5,gateway,0.23090506759989948
BBQ,13,43,1.4599417735743788E-5,gateway,0.15344170899555304
BoogieMonster,13,43,9.018556590938477E-5,gateway,1.0
AskBaking,13,43,1.4248127682349543E-6,gateway,0.005887278250762603
AdamRagusea,13,43,9.731444072757347E-6,gateway,0.09892082700371771
Butchery,13,43,4.265011613604709E-6,gateway,0.03769725850171423
Bagels,13,43,3.1236074827160684E-6,gateway,0.024913631425351742
Bacon,13,43,6.117690650620528E-6,gateway,0.05844710271593259
BreadStapledToTrees,13,43,7.604928614639471E-6,gateway,0.07510403866991827
Cookies,13,43,8.991588458410167E-7,gateway,0.0
Celiac,13,43,3.6891569022544956E-6,gateway,0.031247735777159006
Catloaf,13,43,1.670969898834419E-6,gateway,0.008644216722083086
CookingRecipesStuff,13,43,2.1355158376799323E-6,gateway,0.01384709086747123
AnthonyBourdain,13,43,2.17028589783484E-6,gateway,0.014236512519640103
Canning,13,43,1.2781307452831404E-6,gateway,0.004244452340572012
Costco,13,43,4.743660585848817E-6,gateway,0.043058085395593616
CharcuterieBoard,13,43,6.382972683893375E-6,gateway,0.06141823843521458
1819gonewild,14,169,2.1058321505691124E-4,gateway,0.5098005540428602
1819gw,14,169,2.118006617067983E-4,gateway,0.512788559489587
Cannacuties,14,169,1.3837036538753264E-4,gateway,0.3325670069664531
420StonerChicks,14,169,1.2611079508291606E-4,gateway,0.3024780804018898
AussieGF_OC,14,169,3.0533268729613413E-4,gateway,0.742346217667265
AussieSideChicks,14,169,2.9058128790198365E-4,gateway,0.7061415414782475
ChurchOfBBC,14,169,3.015699962276111E-4,gateway,0.7331113642072465
CHURCHOFTHEBBC2,14,169,3.532088007215247E-4,gateway,0.8598495905636885
BlackGirlsCentral,14,169,2.2908027034561677E-4,gateway,0.5551982738987467
AmazingEbonyWomen,14,169,2.2335795332241985E-4,gateway,0.5411538683925206
BiMomma,14,169,3.1263046664379315E-4,gateway,0.7602573141755505
BiWifeNSFW,14,169,2.930536545134559E-4,gateway,0.7122095239250102
CentralArkansasNSFW,14,169,3.230831065902914E-4,gateway,0.7859114527743212
AustinTexasGoneWild,14,169,3.3205776250885556E-4,gateway,0.8079381434466862
BadDragonGirls,14,169,3.56705686213171E-5,gateway,0.0805086911924825
Baddragonfun,14,169,3.5989555843823745E-5,gateway,0.08129158838011248
CHIGoneWild,14,169,3.8521427687193775E-4,gateway,0.938401317714437
CHIsuburbsGW,14,169,3.337103571184621E-4,gateway,0.81199414187191
ArkansasGonewild,14,169,3.328522501052626E-4,gateway,0.8098880714091488
Arkansas_NSFW,14,169,2.8459507949553424E-4,gateway,0.6914494616853692
ArkansasPersonals,14,169,3.321684721182022E-4,gateway,0.8082098604174163
ArkansasPoly,14,169,3.009378555935926E-4,gateway,0.7315598878795406
Alabama_NSFW,14,169,3.062812427450158E-4,gateway,0.7446742776673019
BHMfans,14,169,2.918225063946091E-4,gateway,0.7091878906688974
BHMforWomen,14,169,2.8698994111366646E-4,gateway,0.6973272219632426
Boigirl,14,169,3.041287913286094E-4,gateway,0.7393914699511411
Alilofeverything,14,169,3.382806814347176E-4,gateway,0.8232111869486257
AZGoneWildREAL,14,169,3.373565020038219E-4,gateway,0.8209429535327915
AllFuegosClub,14,169,2.642885261349621E-4,gateway,0.6416106518687187
AllGirls_NSFW,14,169,2.555402400809232E-4,gateway,0.6201395456141506
CharlotteUncensored,14,169,3.202337015282804E-4,gateway,0.7789180967648321
CoMoGoneWild,14,169,3.3764951780781304E-4,gateway,0.8216621085104521
ChandigarhGW,14,169,4.103123266322436E-4,gateway,1.0
BengaluruHookUp,14,169,3.9167057253766446E-4,gateway,0.9542471427587297
CorpuschristiNSFW,14,169,3.563263291174555E-4,gateway,0.8675010074271962
ArizonaNSFW,14,169,3.50766309234309E-4,gateway,0.853854931275693
ChiBurbsHotwives,14,169,3.585236948830756E-4,gateway,0.8728940493947709
Chicagohotwives,14,169,3.3239675455414556E-4,gateway,0.8087701389003003
BrisbaneNSA,14,169,3.083528468261388E-4,gateway,0.7497586600329943
808gonewild,14,169,3.1299906836311167E-4,gateway,0.7611619812877388
Aussiestunners,14,169,2.8094530410970124E-4,gateway,0.6824917396092434
ChaturbateCam,14,169,2.892119777911516E-4,gateway,0.7027808142793974
AmIHotSFW,14,169,1.7746616695817848E-5,gateway,0.03651755122324376
AmIhotAF,14,169,1.5225736487901107E-5,gateway,0.030330500815326525
ArmpitMix,14,169,1.0244050483120718E-4,gateway,0.24438357892679566
ArmpitsGoneWild,14,169,4.160549346591229E-5,gateway,0.09507490463864063
AussieDudes,14,169,3.266514587032768E-4,gateway,0.7946693359640519
Aussieguys,14,169,2.90322447745375E-4,gateway,0.7055062645255777
AdelaideNSFW,14,169,3.526279200709688E-4,gateway,0.85842392271375
ConnecticutGW,14,169,3.6016362795491326E-4,gateway,0.8769189723360538
ConnecticutNSFW,14,169,3.75029888037747E-4,gateway,0.913405553578925
BrisbaneOnlyfans,14,169,3.505798447561826E-4,gateway,0.8533972875043503
AussieOnlyFansly,14,169,3.479782511482718E-4,gateway,0.8470121404662206
Bluecollar_men,14,169,1.9316367989616226E-4,gateway,0.4670474149672409
Bluecollarguys,14,169,1.9193975050744598E-4,gateway,0.46404349879544593
AzChandlerGilbertGW,14,169,3.460972366555693E-4,gateway,0.8423955262186158
Camgrrls,14,169,3.3715767946020054E-4,gateway,0.8204549790960243
Albertaonly,14,169,3.0253792515082804E-4,gateway,0.7354869729412186
ARIZONABADDIES,14,169,2.788958044537678E-4,gateway,0.6774616086087909
Corpuschristihookup,14,169,3.1211314196321797E-4,gateway,0.7589876331070387
18_22,14,169,2.0009989610876173E-4,gateway,0.4840711193117763
CincinnatiOhioGirls,14,169,3.445215837305083E-4,gateway,0.838528367421415
Alabamagonewild1A,14,169,2.595802794378824E-4,gateway,0.6300551009320817
BlackWomanGoneWild,14,169,3.314382723542606E-4,gateway,0.8064177154621868
40_to_50_gone_wild,14,169,1.9372753930709015E-4,gateway,0.4684313072233796
50and60plusGW,14,169,1.5710606680669438E-4,gateway,0.3785504411431352
CarolinaGirlsNSFW,14,169,2.976805860815535E-4,gateway,0.7235655013950626
Carolinawives,14,169,3.371074730939501E-4,gateway,0.8203317565335977
BlackBrownFEET,14,169,1.5848735002302965E-4,gateway,0.3819405541918384
AltFeet,14,169,1.4565074940498725E-4,gateway,0.35043540974240694
ClothedForPrejacs,14,169,1.8523182021944987E-4,gateway,0.4475800814960875
AlphaMalesGoneWild,14,169,2.6246495582474895E-4,gateway,0.6371350241113037
18y,14,169,2.1310512282220716E-4,gateway,0.5159901264069108
60plusWomen,14,169,1.2817502568926624E-4,gateway,0.3075443658901671
ContentClubhouse,14,169,3.485179338112028E-4,gateway,0.8483366952107685
CensoredSimps,14,169,1.1141288526606915E-4,gateway,0.26640468483066443
BetaSafeHeaven,14,169,4.0768380263636314E-5,gateway,0.09302035973668568
BlackOnlyFans,14,169,3.077596589708975E-4,gateway,0.748302786346408
BendyGirls,14,169,2.611205484282121E-4,gateway,0.6338354161787142
BengaliWife,14,169,3.9547803732767426E-4,gateway,0.9635918853245131
18nsfw,14,169,2.304781826424164E-4,gateway,0.5586292000565962
2000sGirls,14,169,2.2428585840474386E-4,gateway,0.5434312457546308
CDgonewild,14,169,3.5796474818224267E-4,gateway,0.8715222145084752
AltGirlsGW,14,169,3.419427147842677E-4,gateway,0.8321989940082338
ArkansasGoneMild,14,169,3.0418235501900335E-4,gateway,0.739522932466282
CaliforniansGoneWild,14,169,2.799101464663471E-4,gateway,0.679951129984296
AfricanGoneWild,14,169,2.9695569067446283E-4,gateway,0.7217863750367165
CougarsGilfs,14,169,2.487315184303942E-4,gateway,0.6034287539101238
CensoredFetish,14,169,8.707617886906773E-5,gateway,0.20667458390478077
Amazingfemale18plus,14,169,3.128574053757491E-4,gateway,0.7608142947768941
BiMarriedWomen,14,169,2.616915724992552E-4,gateway,0.6352368928139713
BlackOnlyFun,14,169,3.43773966285682E-4,gateway,0.8366934738780994
CensoredFeet,14,169,7.198987353522334E-6,gateway,0.010630278111309927
CensoredForFeet,14,169,6.447251059717401E-5,gateway,0.15119791565102902
BigTiddieGothGirls,14,169,3.353917312781646E-4,gateway,0.8161207745647207
30plusReal,14,169,3.0264815524384846E-4,gateway,0.7357575130247358
ChatSwapMeetDevonUK,14,169,2.3501270054775763E-4,gateway,0.5697583646903788
AsiansDaily,14,169,2.3007249287773423E-4,gateway,0.5576335069585339
AzSissies,14,169,3.1153274631539354E-4,gateway,0.7575631556097151
ChineseGoneWild,14,169,2.1909609691845487E-4,gateway,0.5306939027345622
BlondePAWG,14,169,3.033814565255922E-4,gateway,0.7375572701016848
AustralianNSFW,14,169,2.758294393991883E-4,gateway,0.6699357630322423
Asiantraps,14,169,2.8174473450955E-4,gateway,0.684453798800296
Asian_Angels,14,169,1.6643145077524418E-4,gateway,0.40143793119736565
BehindThatThong,14,169,2.6807349750640404E-4,gateway,0.6509001883544636
Backview,14,169,1.9460221265354098E-4,gateway,0.4705780367934551
BNWOwhitebois,14,169,1.5117602043979408E-4,gateway,0.3639962010495058
BrownHotties,14,169,2.3982736754433974E-4,gateway,0.5815751052525201
Best_Tgirls,14,169,2.091526157255539E-4,gateway,0.5062894033944304
BreedMeDaddy,14,169,2.0770063067832752E-4,gateway,0.502725765324474
BengalisGoneWild,14,169,3.066250262892107E-4,gateway,0.7455180329995332
BeautyGirlsNetwork,14,169,3.6593657896835105E-4,gateway,0.8910876499314455
BetweenTheLegs,14,169,1.623589820468649E-4,gateway,0.3914427837770241
BarelyClothed,14,169,2.4502824954084935E-4,gateway,0.5943397415795378
BicuriousBuds,14,169,2.8958482185427405E-4,gateway,0.7036958934670505
BrOnlyFans,14,169,2.983405665659656E-4,gateway,0.7251853056652043
Aunaturalladies2,14,169,3.21171564476423E-4,gateway,0.781219913930778
BicuriousGuysChatNew,14,169,2.4123606496260849E-4,gateway,0.5850325015655065
AsianGoddess,14,169,3.446148914455165E-4,gateway,0.8387573745493183
BIGTIDDYGOTHGIRLS,14,169,1.9959308278370383E-4,gateway,0.4828272364887489
BiGoneMild,14,169,2.0388775165196897E-4,gateway,0.49336773448219695
Androgynoushotties,14,169,1.443520999379816E-4,gateway,0.34724810647851295
COGoneWild,14,169,2.6140603193733656E-4,gateway,0.634536084483394
AussieCouples,14,169,3.289006978586962E-4,gateway,0.8001896919057335
BeneathGoddessFeet,14,169,4.0648036058289575E-5,gateway,0.09272499637017477
BigBelliesAndHangers,14,169,2.0892851111223214E-4,gateway,0.5057393786312886
AsiansGoneWild30plus,14,169,1.512078475652839E-4,gateway,0.36407431504680177
AsianTeensGW,14,169,1.8544403117812087E-4,gateway,0.4481009154073089
BiMarriedMen,14,169,1.7233051464197758E-4,gateway,0.41591613027575997
Breeding_her,14,169,1.3013414535167998E-4,gateway,0.31235267533241245
Bleached,14,169,1.5898176377565051E-4,gateway,0.38315400447806236
BrownWorldOrder,14,169,1.2093245736559482E-4,gateway,0.2897687749832232
BYU_NSFW,14,169,2.7091891163040873E-4,gateway,0.6578837493191337
BrokenWomen,14,169,2.517918476728152E-4,gateway,0.6109397856633262
ChubbiesWithStuffies,14,169,2.855947247600996E-4,gateway,0.6939029125167409
ClothedCurves,14,169,2.9508559244275696E-4,gateway,0.717196552802806
AllDolledUp,14,169,1.8218015205344253E-4,gateway,0.4400903068086473
BulgesAndUndwear,14,169,2.1120628959784616E-4,gateway,0.5113297792636968
ChasersNChubs,14,169,2.2649685519497578E-4,gateway,0.548857742638516
ClothedMuscle,14,169,2.6191382328299994E-4,gateway,0.6357823676833878
CollegeGirlNextDoor,14,169,1.7838014953653163E-4,gateway,0.43076387905991687
BlackUncut,14,169,2.2339386598221818E-4,gateway,0.5412420096043706
ButchSelfies,14,169,1.7663952748673284E-4,gateway,0.42649183299861787
Completeevil,14,169,1.0922096317402672E-4,gateway,0.26102500338800627
Babygirl,14,169,5.618833524616878E-5,gateway,0.1308658862575928
AmaraINC,14,169,2.9819617188739557E-4,gateway,0.72483091470599
CowgirlRiders,14,169,1.2988320583651945E-4,gateway,0.3117367890936453
BonyGirlsNSFW,14,169,1.0240940110241359E-4,gateway,0.24430724037753979
4tranSelfieTrain,14,169,4.0690709070614614E-5,gateway,0.09282972966034998
Amicute,14,169,1.514099548900805E-5,gateway,0.030122519162679145
Asianwifes,14,169,1.3730415922569056E-4,gateway,0.3299501942960881
4skinoverhang,14,169,1.579578118224186E-4,gateway,0.3806408972189251
CalvinKleinGirls,14,169,1.3792998256405544E-4,gateway,0.33148616594946323
CD_Nylon,14,169,2.2837720613201986E-4,gateway,0.5534727283072243
BeautifulStarfish,14,169,6.231929288661847E-5,gateway,0.1459132272026887
BlackLGBT,14,169,1.4606397576443126E-4,gateway,0.35144960006677506
BruneiGW,14,169,1.320655616429465E-4,gateway,0.3170929917961662
Caught_in_public,14,169,1.6529678880704957E-4,gateway,0.3986531059719861
AnkleSocksGW,14,169,1.0502229017555326E-5,gateway,0.018737495035272347
ClothedPreggo,14,169,8.546825270995202E-5,gateway,0.20272821621645698
Birks_NSFW,14,169,4.676775328756056E-5,gateway,0.1077447497328263
Castrations,14,169,5.0943393754625635E-5,gateway,0.11799311376612587
BushLovers,14,169,1.9263413091622417E-5,gateway,0.04024025717726662
Beachwifesharing,14,169,4.040821330875517E-5,gateway,0.09213639424791809
1950sHouseholdWives,14,169,4.4640999172150684E-5,gateway,0.10252501145412388
CalsCurseVictims,14,169,3.831555994073597E-5,gateway,0.08700035016554883
BriefsMenOver40,14,169,3.4764343257531306E-6,gateway,0.0014939363063233508
ChurchWife,14,169,2.867738062073173E-6,gateway,0.0
BiggerThanYourBFs,14,169,1.2268575904548964E-5,gateway,0.023072678116712236
BeginnerArtists,15,76,3.6820028210470875E-5,gateway,0.06905834857444107
Beginner_Art,15,76,4.597367823755844E-5,gateway,0.08638642499752544
ArtBuddy,15,76,5.114376937101722E-5,gateway,0.0961735300331971
Artists,15,76,4.241706550505198E-5,gateway,0.07965367281082256
AbstractArt,15,76,4.128297635449509E-5,gateway,0.07750681517334597
ACNHCustomDesigns,15,76,1.5217901755733368E-5,gateway,0.028165011271712292
ACQR,15,76,5.735742183256822E-5,gateway,0.10793612139310513
ArtCrit,15,76,2.048337294546178E-5,gateway,0.038132673014204435
Artadvice,15,76,1.5363877130132434E-5,gateway,0.028441346114751968
Blacksmith,15,76,4.5464641084861206E-5,gateway,0.08542280560438448
Bladesmith,15,76,3.029624564727436E-5,gateway,0.05670867358270206
BadArt,15,76,1.7516041106135417E-4,gateway,0.33093997168053774
ClipStudio,15,76,6.473502098537014E-5,gateway,0.121902091422583
ArtSale,15,76,1.2706065060958933E-6,gateway,0.0017624508432647539
Artistsforhire,15,76,1.2101680114763622E-6,gateway,0.0016480393406877185
ArtFestival,15,76,3.083343726761931E-5,gateway,0.05772559005030045
BrokeHobbies,15,76,5.361738930604324E-5,gateway,0.10085615118967076
ComicBookCollabs,15,76,3.246591138404983E-6,gateway,0.005503036578809463
ComicWriting,15,76,7.84926387791229E-7,gateway,8.430468697403708E-4
CoolGadgetsTube,15,76,5.7730021770666214E-5,gateway,0.10864146190574135
ColoredPencils,15,76,3.844245346997121E-5,gateway,0.07212963803866251
3Dmodeling,15,76,5.4513165315394665E-5,gateway,0.10255187640333678
3dsmax,15,76,1.1323749160578526E-5,gateway,0.02079328812604762
ConstructionFails,15,76,4.056390282934717E-5,gateway,0.07614559194974581
Axecraft,15,76,3.0539921978316196E-5,gateway,0.05716995865196892
Animators,15,76,2.1825713540370946E-5,gateway,0.040673755570950966
AfterEffects,15,76,1.368252246302652E-5,gateway,0.02525850188543302
3Dprinting,15,76,2.9114383384932656E-5,gateway,0.05447138031249688
3dprinter,15,76,1.9183166804586795E-5,gateway,0.03567135197744051
BambuLab,15,76,4.901208541888145E-5,gateway,0.09213820179548167
CR10,15,76,2.159803377724203E-5,gateway,0.04024275238382749
AnkerMake,15,76,4.38019316690574E-5,gateway,0.08227525727763275
CR6,15,76,1.4671167547168895E-5,gateway,0.027130030458475535
Cinema4D,15,76,2.7549573616579657E-5,gateway,0.05150915833838051
ArticulatedPlastic,15,76,4.4672521028872934E-5,gateway,0.08392330356685794
Blockbench,15,76,9.040669845600504E-5,gateway,0.17049918523800725
AnyCubicPhotonMonoX,15,76,1.8346746614614317E-5,gateway,0.03408798873646402
AnycubicPhoton,15,76,1.8110165399453104E-5,gateway,0.03364013488969815
Beading,15,76,2.634386755486814E-5,gateway,0.04922672819092154
Brochet,15,76,1.0305805116400294E-4,gateway,0.1944484957240816
Carpentry,15,76,4.3648751185867015E-5,gateway,0.08198528299290554
BeginnerWoodWorking,15,76,3.268744543114563E-5,gateway,0.061235271439859545
Acceleracers,15,76,5.285949872264752E-4,gateway,1.0
AnycubicVyper,15,76,1.6233588274851004E-5,gateway,0.030087729921986793
Bowyer,15,76,1.7886355861910636E-5,gateway,0.03321645813132584
Archery,15,76,7.913468812847343E-6,gateway,0.014337546611486935
Ceramics,15,76,7.526415222704635E-5,gateway,0.14183398638082853
Artisticallyill,15,76,7.160930489938432E-5,gateway,0.1349152737775476
ArtisanGifts,15,76,1.1984650376937585E-5,gateway,0.02204438979055193
Bushcraft,15,76,5.796093023781022E-5,gateway,0.10907857710607873
Beginning_Photography,15,76,9.953991475615937E-7,gateway,0.0012414767917371546
AskPhotography,15,76,1.8072168080678444E-6,gateway,0.0027782668614070656
Calligraphy,15,76,2.9356179955709657E-5,gateway,0.054929106951036144
ActualHippies,15,76,1.249077242219704E-4,gateway,0.23581044461304648
CommercialPrinting,15,76,1.3500779917155971E-5,gateway,0.02491445893919283
Concrete,15,76,1.1131754731315655E-5,gateway,0.02042983812159819
Artillery3D,15,76,1.2816131820948316E-5,gateway,0.023618403868385176
AusRenovation,15,76,7.748447010758764E-6,gateway,0.014025156429471662
Coloring,15,76,1.0750004476304966E-4,gateway,0.20285729487276646
AFOL,15,76,6.873198990965487E-5,gateway,0.12946844831581633
3Dprintedtabletop,15,76,4.567402503511675E-5,gateway,0.08581917438416727
AnetA8,15,76,9.884958353743078E-6,gateway,0.018069623032462172
Art,15,76,1.6686437337656944E-6,gateway,0.0025159447478694348
CNC,15,76,4.290645235879383E-5,gateway,0.08058009372237117
Cameras,15,76,6.969860829877477E-7,gateway,6.765737887513984E-4
35mm,15,76,3.4762301990249384E-7,gateway,1.5221231178222926E-5
ARTIST,15,76,5.974284518544903E-6,gateway,0.010666624787877632
BadWelding,15,76,2.81069857932255E-5,gateway,0.05256435279824016
Animatronics,15,76,3.595079918820957E-5,gateway,0.06741287743644311
8mm,15,76,3.3958232226330107E-7,gateway,0.0
Chinesium,15,76,1.3401711477634506E-5,gateway,0.02472692003546987
BabyWitch,15,76,1.0532569377638826E-5,gateway,0.019295566047684475
BIGTREETECH,15,76,1.2890826178518524E-6,gateway,0.0017974265606628737
CastIronRestoration,15,76,9.13174561303685E-6,gateway,0.01664377346478419
ArduinoProjects,15,76,2.2515598301821476E-6,gateway,0.0036194187322428698
ChineseLaserCutters,15,76,1.3731681863234627E-6,gateway,0.0019566025344266583
Christian,62,22,6.49533888897921E-6,gateway,0.0032813647339907178
Christians,62,22,1.3875312220194767E-5,gateway,0.008947828748135279
AskBibleScholars,62,22,2.4290433241828418E-6,gateway,1.5919661024777176E-4
AcademicBiblical,62,22,2.221706484997808E-6,gateway,0.0
0sanitymemes,62,22,0.0013046165179218575,gateway,1.0
Catholic,62,22,1.3256867274237774E-5,gateway,0.008472976621478926
Catholicism,62,22,9.994380047455674E-6,gateway,0.0059679856631820495
Bible,62,22,9.136079572529401E-6,gateway,0.0053089685453394505
BibleVerseCommentary,62,22,1.7401758034121288E-5,gateway,0.011655491419208108
Christianity,62,22,1.9190342611126302E-5,gateway,0.013028795859074365
CatholicPhilosophy,62,22,5.73394709097375E-6,gateway,0.0026967556804845393
ChristianApologetics,62,22,6.662940132846836E-6,gateway,0.003410051705403573
Anglicanism,62,22,7.266131957599521E-6,gateway,0.0038731922365664827
AskAChristian,62,22,7.045774402531721E-6,gateway,0.0037039981080789074
ChristianUniversalism,62,22,1.9390712640960107E-5,gateway,0.01318264323935742
AskAPriest,62,22,1.0580350250255813E-5,gateway,0.006417903151837942
ACIM,62,22,2.816638943743607E-5,gateway,0.019920751161327906
AdvaitaVedanta,62,22,1.021361943514987E-5,gateway,0.006136321244504215
ConfrontingChaos,62,22,1.0411100972861158E-5,gateway,0.006287950793376126
AcademicPhilosophy,62,22,2.9719192168358006E-6,gateway,5.760255839857998E-4
AlanWatts,62,22,2.5216588980391663E-5,gateway,0.01765584620997137
Articles,62,22,2.908736800549008E-6,gateway,5.275130932019285E-4
AmberlynnReidYT,18,189,1.4326472244338348E-4,gateway,0.1643462203493094
AmberlynnSnark,18,189,2.0323976304804746E-4,gateway,0.23372085801423836
Amberverse_,18,189,3.065042615961157E-4,gateway,0.35316950028603217
Amberverse__,18,189,2.826909239875589E-4,gateway,0.3256240138381617
90DayFiance,18,189,4.729429166097366E-4,gateway,0.5456932779874872
90dayfianceuncensored,18,189,5.10317166604587E-4,gateway,0.5889250128100159
90DayFianceSnark,18,189,3.258405082353827E-4,gateway,0.3755362230239328
CallHerDaddy,18,189,1.1068729096403263E-4,gateway,0.12666308612966762
CallHerDaddySnark,18,189,1.1280012124400369E-4,gateway,0.12910705004603526
AshlynVanhornSnark,18,189,1.5933772377683427E-4,gateway,0.18293826518086145
AarynWilliams,18,189,1.1779698121269368E-4,gateway,0.13488704362828718
ChelseaLeeArt,18,189,5.172048164051596E-4,gateway,0.5968921305386611
BeckiJones,18,189,4.2702702214953494E-4,gateway,0.49258120821441737
BackonFigg,18,189,2.0951639917462175E-4,gateway,0.24098120086095637
BackonFigg_2,18,189,4.392949804637951E-5,gateway,0.04944266829784722
Cecilybauchmann1,18,189,4.608961607001762E-4,gateway,0.5317584924860898
AlyssaMckaySnark2,18,189,4.5487567026476165E-4,gateway,0.524794439801654
ChoicesVIP,18,189,4.8488989204771365E-4,gateway,0.5595126449082161
Ashleystarrcasteel,18,189,2.1854498803909272E-4,gateway,0.2514247966431921
AliciaMccarvelSnark,18,189,1.2163541292961396E-4,gateway,0.13932705412062202
BettyRageSnark,18,189,3.678720080832649E-4,gateway,0.4241551158677267
ChicagoFireNBC,18,189,1.416792075175616E-4,gateway,0.16251221536353075
ChicagoPD,18,189,1.8701190205428007E-4,gateway,0.21494968311932885
Bridgerton,18,189,1.287467050596856E-4,gateway,0.1475528645557519
BridgertonNetflix,18,189,1.4147876743821514E-4,gateway,0.16228036128326676
CourtneyShieldsSnarks,18,189,1.6331993458692883E-4,gateway,0.18754458856589623
BeautyGuruChat,18,189,5.57797133247485E-5,gateway,0.06315011030872138
BeautyGuruChatter,18,189,4.651525736559293E-5,gateway,0.052433681126693804
BNWOFantasy,18,189,1.5886277291891757E-4,gateway,0.18238887757987907
AreYouTheOne,18,189,8.038264384552672E-5,gateway,0.09160893873411939
60daysin,18,189,8.358099698257611E-5,gateway,0.09530855423700636
AcaciaKerseySnark,18,189,2.4302208804304843E-4,gateway,0.2797380737455107
AllAmericanTV,18,189,1.605318828099287E-4,gateway,0.1843195789640619
13ReasonsWhy,18,189,1.6625306353571984E-4,gateway,0.19093741258060923
BombPartyGossip,18,189,8.656954414052136E-4,gateway,1.0
BrittanyMatthewsSnark,18,189,1.3554450274558543E-4,gateway,0.15541604808383638
AlixearleSnark,18,189,1.8276458375818196E-4,gateway,0.21003670323855297
CharlestonSnark,18,189,1.1463820653643006E-4,gateway,0.13123320952627407
BachelorNation,18,189,1.494924525358782E-4,gateway,0.17154999235656332
BigBrother,18,189,1.8436084974499754E-4,gateway,0.21188314424694088
BringingUpBates,18,189,1.1578871581398126E-4,gateway,0.1325640325395735
AuntieAmanda,18,189,6.657324202880124E-5,gateway,0.07563525638649558
90scartoons,18,189,1.0162422117485995E-4,gateway,0.11617960539473463
CoupleUpShow,18,189,3.709499834452833E-4,gateway,0.42771548737108506
BigMouth,18,189,4.0632054054357285E-4,gateway,0.4686295002331238
AmandaBowden,18,189,1.0371075386449357E-4,gateway,0.11859315022705118
Aprilthenewbully,18,189,5.591215659078875E-4,gateway,0.6453782887725782
CoryCrawford,18,189,4.326047000266747E-4,gateway,0.49903304847725116
Apollostonenarc,18,189,4.4038069622899805E-4,gateway,0.5080277388281251
BadGirlsClub,18,189,1.3638216838438136E-4,gateway,0.15638499699308164
BaddiesSouth,18,189,2.5363171216588625E-4,gateway,0.29201049276952923
AlanBecker,18,189,7.097233904082827E-4,gateway,0.8195832063692435
911FOX,18,189,2.1352266634384176E-4,gateway,0.2456153508415389
AliandJohnJames,18,189,1.4744613485690797E-4,gateway,0.16918296523837145
CelebWivesofNashville,18,189,1.7800004723658876E-4,gateway,0.20452544402981568
BlockedByJax,18,189,1.7324861667814456E-4,gateway,0.19902934481822956
BoJackHorseman,18,189,3.281059004600546E-4,gateway,0.3781566591782243
CartoonNetwork,18,189,1.2019424289934745E-4,gateway,0.1376600165053858
Andjustlikethat,18,189,1.2570145913220836E-4,gateway,0.1440303520123772
CallMeKevin,18,189,4.509295731512996E-4,gateway,0.5202298900376683
CorgiandSasha,18,189,5.815049133034289E-5,gateway,0.0658924488459512
BelowDeckMed,18,189,1.2129086744584153E-4,gateway,0.1389285096952275
Benophie,18,189,1.0296389858182189E-4,gateway,0.1177292439403507
BroadCity,18,189,3.7611289543383657E-4,gateway,0.43368755750043725
BrittanyJadeSnark,18,189,8.092120810950991E-5,gateway,0.0922319095615907
ColleenBallingerSnark,18,189,8.963187452656764E-5,gateway,0.10230775645408037
30ROCK,18,189,3.142602867465496E-4,gateway,0.3621410896189719
AbbottElementary,18,189,1.6322121151240765E-4,gateway,0.18743039310299991
BeverlyHills90210,18,189,1.2175980493708561E-4,gateway,0.13947094148376102
AussieTikTokSnark,18,189,4.4500653726603425E-4,gateway,0.513378565482088
Cloververse,18,189,2.110281977716649E-6,gateway,0.0010693294397948411
10cloverfieldlane,18,189,5.1091960068112307E-5,gateway,0.057727668233435205
AmericanHorrorStory,18,189,1.7737449443534407E-4,gateway,0.20380185137378573
Cheers,18,189,1.7324554231542728E-4,gateway,0.19902578862556322
AMCTheatres,18,189,1.8435702571279007E-6,gateway,7.608172855672159E-4
AMCsAList,18,189,6.050145296173888E-6,gateway,0.005626668416336698
Barry,18,189,1.0424292504019764E-4,gateway,0.11920872600854249
BoardwalkEmpire,18,189,1.1247729096329178E-4,gateway,0.1287336241420949
ChuckleSandwich,18,189,5.277850094379012E-4,gateway,0.6091305058806593
CraigOfTheCreek,18,189,2.730412685577466E-4,gateway,0.3144620147417812
CallTheMidwife,18,189,9.07055983058353E-5,gateway,0.10354975975058367
BurnNotice,18,189,9.775282039684682E-5,gateway,0.11170145876035788
90dayfiance_FB_memes,18,189,6.429000732791076E-5,gateway,0.0729941813912758
ArcherFX,18,189,2.111244765730664E-4,gateway,0.2428413044261982
Behzinga,18,189,4.5954926164430373E-4,gateway,0.5302005004775755
CastleRockTV,18,189,4.2283010791013944E-5,gateway,0.04753813508520899
CastleTV,18,189,8.238701877005654E-5,gateway,0.09392744961351197
CountingOn,18,189,4.901167760867745E-5,gateway,0.05532135319956464
ANTM,18,189,1.830693924267689E-4,gateway,0.21038928309055735
BobsBurgers,18,189,1.8843143180907678E-4,gateway,0.21659168888373928
CatfishTheTVShow,18,189,9.931022788532158E-5,gateway,0.11350295116653696
ChilluminatiPod,18,189,4.1323642949166563E-4,gateway,0.47662928289383805
BuzzFeedUnsolved,18,189,2.4264047710769232E-4,gateway,0.27929665478018123
ChicagoMed,18,189,7.117187869732303E-5,gateway,0.08095461506328731
Cr1TiKaL,18,189,4.491460752520784E-4,gateway,0.5181668731678638
AgathaAllAlong,18,189,1.9805108118996635E-4,gateway,0.22771897922876616
Caddicarus,18,189,3.3394010472405285E-4,gateway,0.3849052299636284
CaptainUnderpants,18,189,3.378846851834232E-4,gateway,0.3894680253756868
AtlantaTV,18,189,2.4123560769081557E-4,gateway,0.2776716069973076
CharmedCW,18,189,6.889291239268247E-5,gateway,0.07831847742934753
AdventuresOfSabrina,18,189,8.147328097640046E-5,gateway,0.09287050612974695
CowChop,18,189,2.705076166630443E-4,gateway,0.3115312758812166
Achievement_Hunter,18,189,4.7732405377815483E-4,gateway,0.5507610495230305
Barchie,18,189,8.35148830129262E-5,gateway,0.09523207854573863
CoryxKenshin,18,189,1.9945927251852083E-4,gateway,0.2293478695504138
CirclingBack,18,189,2.906928370922758E-4,gateway,0.33488002795118615
AreYouGarbagePod,18,189,2.6305508763663617E-4,gateway,0.30291074814698066
BroskiReport,18,189,4.988635389576775E-4,gateway,0.5756763136854742
Botchedsurgeries,18,189,3.6084218760758927E-5,gateway,0.04036783646225567
BottomFeedersofYT,18,189,9.072461045818568E-5,gateway,0.10357175158530758
Animedubs,18,189,4.7495051996322965E-6,gateway,0.004122185309358455
Billions,18,189,8.286122271660567E-5,gateway,0.09447597324333287
ASOUE,18,189,4.6123417931654987E-4,gateway,0.5321494871198325
AdrianoStudies,18,189,3.992008444155736E-4,gateway,0.460393968682255
12Monkeys,18,189,7.598167649577135E-5,gateway,0.08651822912915218
CaptainAmerica,18,189,6.307878940157467E-6,gateway,0.005924795403582659
Captain_Marvel,18,189,5.506458562078417E-6,gateway,0.004997772298871315
ArmchairExpert,18,189,1.2223314361531085E-4,gateway,0.14001846423595268
AdamCarolla,18,189,9.469384376706033E-5,gateway,0.10816306356833494
Arthur,18,189,1.360623060617117E-4,gateway,0.15601500420084424
BatesMotel,18,189,6.424434618057866E-5,gateway,0.07294136399391195
BlackSails,18,189,7.785742102436562E-5,gateway,0.08868794999488647
Anne,18,189,8.075964934934464E-5,gateway,0.09204503048097548
BadMUAs,18,189,3.983014212416253E-5,gateway,0.044700840215762226
ContraPoints,18,189,4.5690751266613334E-4,gateway,0.5271447230022366
AllFantasyEverything,18,189,1.8809326908224172E-4,gateway,0.21620052755380192
AroundTheNFL,18,189,3.6378192311603655E-4,gateway,0.41942401173241456
BrettCooper,18,189,1.821770062533515E-4,gateway,0.20935703756285343
AllOfUsAreDead,18,189,1.375510277636364E-4,gateway,0.1577370460304735
AkademiksChat,18,189,3.507878336454109E-5,gateway,0.039204824055679946
Avengers,18,189,2.3198185452995087E-4,gateway,0.26696755801120725
BSG,18,189,2.6118651155180336E-4,gateway,0.3007493192004107
BookOfBobaFett,18,189,2.6161045084961633E-4,gateway,0.301239700447029
A24,18,189,2.845962931103556E-4,gateway,0.3278280022169822
ActionBoyz,18,189,3.4883669758380343E-4,gateway,0.4021364935304062
Corridor,18,189,4.4548586855146574E-4,gateway,0.5139330200337318
ANGEL,18,189,8.207547503948773E-5,gateway,0.093567079145946
Ashens,18,189,3.47568680727008E-4,gateway,0.40066974654522175
1000lbsisters,18,189,8.342306892960244E-5,gateway,0.09512587488670136
ATLAtv,18,189,7.199092928194211E-5,gateway,0.08190203147125183
Adamthewoocriticism,18,189,8.757232043968012E-5,gateway,0.09992541844999348
BacktotheFuture,18,189,1.9417283828012568E-4,gateway,0.2232329181284448
Cortex,18,189,1.6222916231929203E-6,gateway,5.048587251817489E-4
CGPGrey2,18,189,7.0450513304258144E-6,gateway,0.006777501245143676
Chucky,18,189,6.225415864385065E-5,gateway,0.07063926402276118
CrashLandingOnYou,18,189,6.784540450780044E-5,gateway,0.07710679871713344
BandofBrothers,18,189,7.519415781390829E-5,gateway,0.08560728646604102
BlackLightning,18,189,4.674948142323972E-5,gateway,0.052704613984226406
Channel5ive,18,189,1.2121692984322713E-4,gateway,0.13884298421096813
ANW,18,189,2.4111219840249375E-5,gateway,0.0265183675248667
BabyReindeerTVSeries,18,189,9.865763743054471E-5,gateway,0.11274808337674815
AVGN,18,189,1.9850057443045004E-4,gateway,0.2282389193634789
AubreyMaturinSeries,18,189,5.1759204476049276E-5,gateway,0.05849948661934852
AsianAndy,18,189,1.3984217407769127E-4,gateway,0.16038727258759455
Banshee,18,189,4.7440592497335204E-5,gateway,0.05350403954306238
BoschTV,18,189,1.71641937540999E-5,gateway,0.018482567753553985
Broadway,18,189,4.787936449813843E-5,gateway,0.05401157815022879
Chang_Gang,18,189,3.2190129343181696E-4,gateway,0.3709796342008742
Alonetv,18,189,5.8609053611735515E-5,gateway,0.06642287936834326
BatwomanTV,18,189,8.109893276991394E-6,gateway,0.00800923070240827
Arrowverse,18,189,1.2341356002985743E-5,gateway,0.01290387004652373
ChannelAwesome,18,189,6.385926547005586E-5,gateway,0.07249593145239241
Blindwave,18,189,1.032719974861208E-4,gateway,0.11808562969074295
BritneySpears,18,189,4.339758909704484E-5,gateway,0.04882739584019163
CaptainDisillusion,18,189,2.4466789583724297E-6,gateway,0.0014584482867232428
AcrossTheSpider_Verse,18,189,3.4090880386774456E-5,gateway,0.038062091838415975
Chriswatts,18,189,2.971835102735931E-5,gateway,0.03300427717200789
BillBurr,18,189,4.4140275826914634E-5,gateway,0.049686480257039214
ArtemisFowl,18,189,1.8703393863091254E-5,gateway,0.020262999226022062
BertKreischer,18,189,3.0384009409939156E-5,gateway,0.03377426096250671
BubbaArmy,18,189,7.595528002985988E-5,gateway,0.08648769567323818
AlanWake,18,189,5.238805394357881E-5,gateway,0.05922689261217168
AntiWranglerstar,18,189,4.0711445886339383E-5,gateway,0.04572026643969384
AfterPrisonShow,18,189,3.168013410135028E-5,gateway,0.03527352098682125
CTFxC,18,189,4.796625254808926E-5,gateway,0.0541120837425882
AdamLanza,18,189,1.4425122552891735E-6,gateway,2.9690340940022856E-4
1899,18,189,4.5613574169158685E-6,gateway,0.003904550037721858
Columbo,18,189,1.9797194278061744E-5,gateway,0.021528225671911715
AustinButlerLand,18,189,6.788017391962341E-6,gateway,0.006480183624868377
BatmanBeyond,18,189,1.9974949584318996E-6,gateway,9.388658583232789E-4
BritishTV,18,189,6.576533977888236E-6,gateway,0.006235555441617223
CinemaSins,18,189,4.954737630584443E-5,gateway,0.05594100935383898
ConanBeingAwesome,18,189,6.094554765290924E-6,gateway,0.00567803796603312
AshVsEvilDead,18,189,6.5244315064621025E-6,gateway,0.006175287202693275
ACOTARHulu,18,189,1.407486673438272E-6,gateway,2.5638843808196575E-4
Columbine,18,189,1.1858364061056935E-6,gateway,0.0
BigBrotherLiveFeeds,18,189,1.300343133870269E-6,gateway,1.3245281151583456E-4
BrighterThanCoruscant,18,189,1.6464388216291154E-6,gateway,5.327903968445755E-4
BSPN,18,189,4.39631780173395E-6,gateway,0.003713644564575508
CollegeFootball25,20,59,3.148100359531878E-5,gateway,0.40644312986953074
CFB25,20,59,2.6166243036121542E-5,gateway,0.33519178276797096
ChicagoBearsNFL,20,59,1.4559573572793533E-5,gateway,0.17958913135716675
CHIBears,20,59,1.7451051743962464E-5,gateway,0.21835319467023898
BostonBruins,20,59,8.433718843098773E-6,gateway,0.09746400139550014
Bruins,20,59,1.013726682248864E-5,gateway,0.1203022999475617
CalgaryFlames,20,59,1.6008974181420787E-5,gateway,0.1990202505400996
ColoradoAvalanche,20,59,1.607490088120807E-5,gateway,0.19990408455622952
AFCEastMemeWar,20,59,2.0148077805666482E-5,gateway,0.2545103720113479
AFCNorthMemeWar,20,59,1.520344617425698E-5,gateway,0.18822108941154533
AFCWestMemeWar,20,59,2.4263720228934958E-5,gateway,0.3096859652633795
AFCSouthMemeWar,20,59,1.6189845382167302E-5,gateway,0.20144506658995237
Brewers,20,59,1.9265905795964336E-5,gateway,0.2426836973443593
CHICubs,20,59,1.467788763753869E-5,gateway,0.18117528681991196
AnaheimDucks,20,59,1.1316985033530401E-5,gateway,0.13611797231901165
Commanders,20,59,2.18242598574911E-5,gateway,0.27698179435478454
AZCardinals,20,59,2.4394371625343925E-5,gateway,0.3114375188641771
Colts,20,59,1.622283198039606E-5,gateway,0.20188729527249002
BlueJackets,20,59,1.8439316308363336E-5,gateway,0.23160217940285205
Astros,20,59,1.2308219864067897E-5,gateway,0.14940677737111557
ClevelandGuardians,20,59,2.3034861352887572E-5,gateway,0.29321149772324445
ACMilan,20,59,2.6133866779499535E-6,gateway,0.019434802765330706
ASRoma,20,59,1.9972436556059286E-6,gateway,0.011174596146376416
Chargers,20,59,1.7766519861155303E-5,gateway,0.22258245920007466
49ers,20,59,1.6441904812040763E-5,gateway,0.20482425436861082
Browns,20,59,1.3898293453729176E-5,gateway,0.17072380266173215
CarltonBlues,20,59,1.866601534593708E-5,gateway,0.23464137780771793
AFL,20,59,8.334607886714442E-6,gateway,0.09613528882674913
Brentford,20,59,3.4622011802929947E-6,gateway,0.030814276225639668
BrightonHoveAlbion,20,59,4.20754598921389E-6,gateway,0.04080660252129313
ClevelandIndians,20,59,1.0222275511141941E-5,gateway,0.12144195309174767
ColoradoRockies,20,59,1.3252202960348641E-5,gateway,0.1620621108526419
Aleague,20,59,4.355451069268536E-6,gateway,0.042789464416890806
Cardinals,20,59,4.994081137337314E-6,gateway,0.05135113942419052
AtlantaUnited,20,59,1.1487979652062924E-5,gateway,0.13841037980978296
AustinFC,20,59,8.898390854427328E-6,gateway,0.10369354012989453
CSURams,20,59,5.256888830061154E-6,gateway,0.05487442178595599
BSUFootball,20,59,7.140793735837943E-6,gateway,0.08013064186449664
CollegeBasketball,20,59,3.7063450755132055E-6,gateway,0.03408734586392447
ACC,20,59,2.8212853404078834E-6,gateway,0.022221957444407615
Coyotes,20,59,9.472213591102114E-6,gateway,0.11138638772484952
CFB,20,59,2.841868298546821E-6,gateway,0.022497899037335338
CelticFC,20,59,5.262401760758292E-6,gateway,0.05494832986408547
ClemsonTigers,20,59,1.891318376503737E-5,gateway,0.23795499516182103
Championship,20,59,3.056103474030123E-6,gateway,0.025370002997561522
BayernMunich,20,59,3.17867332137688E-6,gateway,0.027013212816746315
COYH,20,59,2.511699585356082E-6,gateway,0.018071553706515395
CharlotteHornets,20,59,8.585938443312398E-6,gateway,0.0995047051016554
AtlantaHawks,20,59,1.842740167232376E-5,gateway,0.23144244805492228
CharlotteFootballClub,20,59,3.5504993286727104E-6,gateway,0.03199802889870053
AngelCityFC,20,59,3.979972507366624E-6,gateway,0.0377556810422154
Barca,20,59,1.5396528657442663E-6,gateway,0.0050399904880859825
CollegeSoftball,20,59,3.0417131451465445E-6,gateway,0.025177081734831235
CFL,20,59,1.2633481413275327E-5,gateway,0.15376733572237838
ConnectedCareers,20,59,1.2540514705177849E-5,gateway,0.1525209948733857
Baseball9,20,59,7.575543167754821E-5,gateway,1.0
ArmeniaNT,20,59,1.1637113045745095E-6,gateway,0.0
Baseball_Highlights,20,59,4.40912142262709E-6,gateway,0.04350898600843194
BasketballGM,20,59,1.0100297983248351E-5,gateway,0.11980668409294087
AmazonFBA,27,123,1.3050356670839752E-6,gateway,0.0025727373754369457
AmazonFBATips,27,123,1.3043488399815214E-6,gateway,0.0025710833763256708
Career,27,123,1.4549827986700665E-6,gateway,0.002933836146140062
Careers,27,123,1.4424418601356097E-6,gateway,0.0029036353851094607
Career_Advice,27,123,1.4202076465269358E-6,gateway,0.0028500915319078874
CSULB,27,123,1.2045458588256685E-4,gateway,0.2895055760202204
CSUS,27,123,9.859066458322269E-5,gateway,0.23685345109837783
CalPolyPomona,27,123,1.7832914144729517E-4,gateway,0.4288775709917539
AutoZone,27,123,1.469320980537695E-4,gateway,0.35326803012764485
AutoZone2,27,123,1.0393071188323554E-4,gateway,0.24971321370359992
BinghamtonUniversity,27,123,1.7931187890878452E-4,gateway,0.4312441737104191
BostonU,27,123,9.256062231022175E-5,gateway,0.2223320605986983
AmazonDSPDrivers,27,123,1.364467317164815E-4,gateway,0.328017444439764
AmazonFlexDrivers,27,123,8.520868906154278E-5,gateway,0.20462732673478232
CarletonU,27,123,1.4006668020590234E-4,gateway,0.3367349099605231
AmazonDS,27,123,1.5207166539365564E-4,gateway,0.3656450021226924
AmazonFC,27,123,4.154891014424971E-4,gateway,1.0
AirForce,27,123,4.0135326447811954E-4,gateway,0.9659584461756394
Amry,27,123,3.0099100879790643E-4,gateway,0.724268680137605
AFROTC,27,123,3.9338196307876815E-4,gateway,0.9467621660883663
Bar_Prep,27,123,3.828958977011055E-5,gateway,0.09163797577206502
CABarExam,27,123,5.753968941154959E-5,gateway,0.13799556356256668
ChickFilAWorkers,27,123,3.7059636200841126E-4,gateway,0.8918904759852881
Aldi_employees,27,123,1.2572156476316389E-4,gateway,0.3021893771638982
ASU,27,123,7.40456780296143E-5,gateway,0.17774485477058638
BestBuyWorkers,27,123,8.355827307777054E-5,gateway,0.2006528380160917
Bestbuy,27,123,1.5292943994792745E-4,gateway,0.3677106724280302
AmazonWFShoppers,27,123,1.6652906088090728E-4,gateway,0.4004609247935305
Cornell,27,123,1.411902528901002E-4,gateway,0.3394406683886295
CalPoly,27,123,1.1157540663020953E-4,gateway,0.26812296817061326
CATpreparation,27,123,1.0061747817139949E-4,gateway,0.24173437070913284
Concordia,27,123,6.995784979412378E-5,gateway,0.1679006534506457
CVS,27,123,8.896460080789727E-5,gateway,0.21367221542409554
BigLots,27,123,6.560180849942241E-5,gateway,0.1574105484382296
APStudents,27,123,5.236454459853178E-5,gateway,0.125532914824812
APUSH,27,123,4.673125995006337E-5,gateway,0.11196698568654921
AmazonSeller,27,123,3.152610330406254E-6,gateway,0.00702201848305756
AskHSteacher,27,123,3.5200553480836646E-6,gateway,0.007906889989306535
AskTeachers,27,123,2.8661231269715762E-6,gateway,0.006332107473169116
CPA,27,123,4.087554401047449E-5,gateway,0.09786540331544422
AmazonFlexUK,27,123,5.6534778190038394E-5,gateway,0.1355755625734506
Construction,27,123,2.0324572048766815E-4,gateway,0.4888810266526575
APbio,27,123,1.9003266598695926E-5,gateway,0.04519315542161805
Baruch,27,123,6.123876761135504E-5,gateway,0.14690358718766378
ACT,27,123,2.1900823589974648E-5,gateway,0.05217097658115278
APChem,27,123,1.243104673228376E-5,gateway,0.029366106984953164
ColoradoSchoolOfMines,27,123,3.63953275245125E-5,gateway,0.08707626284671936
Algonquin_College,27,123,1.5070013104358349E-5,gateway,0.03572119696102168
6thForm,27,123,1.1119834445583655E-4,gateway,0.2672149368784871
CallCenterWorkers,27,123,3.3687645613588325E-5,gateway,0.08055569390253506
911dispatchers,27,123,5.8282624833836413E-5,gateway,0.139784681265999
BITSPilani,27,123,1.0213128079564237E-4,gateway,0.24537987069915707
CFA,27,123,1.3112881037248649E-5,gateway,0.03100808257155967
ACCA,27,123,3.82035806823329E-5,gateway,0.0914308509305473
CUNY,27,123,4.400954106900577E-5,gateway,0.10541261327706378
Accounting,27,123,1.1438922167006493E-4,gateway,0.2748991241472573
ATC,27,123,4.998322376431667E-5,gateway,0.11979828011196926
BehindTheClosetDoor,27,123,2.0843127025099342E-5,gateway,0.049623859305127416
Aliexpress,27,123,2.4948326496652562E-5,gateway,0.05950989358260105
Anticonsumption,27,123,8.220669649000371E-5,gateway,0.19739800653521408
Benilde,27,123,1.1278134768572535E-4,gateway,0.2710270839618324
Big4,27,123,1.846405179907791E-5,gateway,0.043894632407356846
ActuaryUK,27,123,1.8685948543171924E-5,gateway,0.044428998357994375
AKTU,27,123,3.7751992680744556E-5,gateway,0.09034334848543249
Cambly,27,123,5.1247958749807015E-5,gateway,0.12284398191163041
Census,27,123,7.613029867653606E-5,gateway,0.1827649838322323
ApplyingToCollege,27,123,4.4483805555680904E-5,gateway,0.10655472464201649
AthabascaUniversity,27,123,1.7244678113136498E-5,gateway,0.040958168505955926
CollegeRant,27,123,2.3808775371687703E-5,gateway,0.05676565629025973
BlueCollarWomen,27,123,4.98129307848486E-5,gateway,0.11938818500114691
APSeminar,27,123,1.2561998988786578E-5,gateway,0.02968146279298886
CorporateFacepalm,27,123,1.247446819241278E-4,gateway,0.29983687339429876
ChristUniversity,27,123,4.879333726024838E-5,gateway,0.11693282647274043
AmazonWTF,27,123,4.076018658112114E-5,gateway,0.0975876025633368
AustralianTeachers,27,123,8.400485639406267E-6,gateway,0.019659814903958985
ContractorUK,27,123,2.3670029441035673E-7,gateway,0.0
BEFreelance,27,123,5.317033635592303E-7,gateway,7.104186955529968E-4
AircraftMechanics,27,123,4.89477463102412E-6,gateway,0.011217453104991459
Armyaviation,27,123,1.403039860143234E-5,gateway,0.03321762443488652
CorpsmanUp,27,123,1.4122041983191053E-5,gateway,0.03343831763619092
AirForceRecruits,27,123,4.867725176093978E-6,gateway,0.01115231331325189
APTests2020,27,123,6.40144826110682E-5,gateway,0.15358799164153059
AskProfessors,27,123,3.762314790954144E-6,gateway,0.008490292859947818
BrownU,27,123,6.535864088147798E-6,gateway,0.015169481925502564
CompTIA,27,123,4.659146455382989E-6,gateway,0.010650019479105929
AWSCertifications,27,123,3.111190426752128E-6,gateway,0.006922272151574326
AmazonMerch,27,123,3.1291379207708086E-6,gateway,0.006965492838484406
Amazon_Influencer,27,123,9.273650878219376E-7,gateway,0.0016632409385280759
CDCR,27,123,7.522531195698162E-6,gateway,0.01754554791530162
ADMU,27,123,2.5348824607314755E-5,gateway,0.060474362685139414
AustralianAccounting,27,123,4.021396390524015E-6,gateway,0.00911420640952288
CFP,27,123,5.942466184004482E-6,gateway,0.01374047657236627
ConstructionManagers,27,123,5.986622254470098E-6,gateway,0.013846812069388162
BESalary,27,123,8.046795207158337E-7,gateway,0.001367792756249289
ABA,27,123,1.8796741348027103E-5,gateway,0.04469580670045997
Architects,27,123,5.854558900859667E-7,gateway,8.398641277241819E-4
AustralianMilitary,27,123,3.502958063227186E-6,gateway,0.007865716753921961
CalebHammer,27,123,2.1329140723438977E-6,gateway,0.004566412554607519
AusPublicService,27,123,3.30559555929824E-6,gateway,0.007390433520439677
AmazonVine,27,123,3.434598337544432E-5,gateway,0.0821410857269672
Airforcereserves,27,123,5.040048696691164E-6,gateway,0.011567298320251843
Buyee,27,123,4.197827477521254E-6,gateway,0.009539083150775778
BMET,27,123,4.823768546531073E-6,gateway,0.011046458104609209
ADSB,27,123,1.3133649089889643E-6,gateway,0.0025927956385125126
ArmyOCS,27,123,3.0039428696746708E-6,gateway,0.0066640013823242505
ClinicalPsychology,27,123,5.103202065395746E-7,gateway,6.589243346280855E-4
AskAcademiaUK,27,123,1.1809624359444972E-6,gateway,0.0022739474568321616
ArtEd,27,123,7.003539010270546E-7,gateway,0.0011165585203957685
AusElectricians,27,123,6.48047686982059E-6,gateway,0.015036099871180725
CAStateWorkers,27,123,3.99641629688733E-6,gateway,0.009054049999668006
1811,27,123,4.766971140828796E-6,gateway,0.010909680073837455
CFBOffTopic,27,123,1.1039005473568351E-5,gateway,0.02601382953907518
AskAcademia,27,123,2.65431534796022E-6,gateway,0.005822037505058753
CommercialsIHate,27,123,2.41989837818422E-6,gateway,0.005257520673541619
ChoosingBeggars,27,123,8.389981214775808E-6,gateway,0.01963451842258665
CollegeAdmissionsPH,27,123,3.153774151539252E-6,gateway,0.007024821166750129
CloudResearchConnect,27,123,3.4123951644449794E-6,gateway,0.007647625543535656
AmeriCorps,27,123,2.9462579686624264E-6,gateway,0.006525086108498602
CISA,27,123,1.7313338460386567E-6,gateway,0.0035993375294060873
CarSalesTraining,27,123,4.1276500086124965E-6,gateway,0.009370083600828007
AsbestosRemovalMemes,27,123,2.076474226041293E-6,gateway,0.004430495589054616
Bricklink,27,123,1.1595561449698845E-6,gateway,0.0022223973853204046
AskRetail,27,123,1.1631808880774805E-6,gateway,0.0022311263971155786
Collections,22,222,2.315356222459966E-5,gateway,0.08024109502425507
CoolCollections,22,222,3.443134579996185E-5,gateway,0.11986322801906091
AskAMechanic,22,222,1.7063680466956764E-6,gateway,0.004890865575021655
AskMechanics,22,222,2.4107726782217118E-6,gateway,0.007365643868644428
350z,22,222,4.525757984697968E-5,gateway,0.15789893622159745
370z,22,222,5.005369282127975E-5,gateway,0.1747490756888046
CRF250L,22,222,6.807350321182817E-5,gateway,0.23805790929643694
CRF300L,22,222,7.379003048414121E-5,gateway,0.25814173182578953
3rdGen4Runner,22,222,6.323773744421575E-5,gateway,0.2210684580362929
4thGen4Runner,22,222,4.9141853692402816E-5,gateway,0.17154551968927662
AMD_Stock,22,222,4.0906293101705636E-7,gateway,3.330554800882224E-4
AMD_Technology_Bets,22,222,5.443979446484277E-7,gateway,8.085267349782903E-4
4Runner,22,222,5.382809500915359E-5,gateway,0.1880096480756107
CarTalkUK,22,222,3.209204684276971E-5,gateway,0.11164459057340477
CarsAustralia,22,222,3.0401547185229082E-5,gateway,0.10570537372187039
Chevy,22,222,3.971041921942156E-5,gateway,0.13841014796281054
ChevyTrucks,22,222,3.948546465569976E-5,gateway,0.13761981716935165
CarParkingMultiplayer,22,222,9.363925571146061E-5,gateway,0.3278778317026172
CarXStreets,22,222,1.9353937144792868E-4,gateway,0.6788559867147568
300zx,22,222,4.436976448144224E-5,gateway,0.15477978268818457
944,22,222,4.4729734703591705E-5,gateway,0.15604446274884248
996,22,222,4.913805749847073E-5,gateway,0.1715321825561559
Chevrolet,22,222,2.7968876690114747E-5,gateway,0.09715869491340914
4Runner_1stGen,22,222,4.9432333335897286E-5,gateway,0.17256605914101478
Battletops,22,222,3.1345378390970924E-6,gateway,0.00990844133142429
AverageBattlestations,22,222,3.922390068394335E-6,gateway,0.012676395300470648
AR10,22,222,2.0631232489379988E-5,gateway,0.07137941723466176
AR_15,22,222,5.346994892247147E-5,gateway,0.1867513767332621
240sx,22,222,5.2768327785630195E-5,gateway,0.18428637766583683
Acura_RSX,22,222,5.393726882100536E-5,gateway,0.18839320742163249
Corvette,22,222,4.45316508225114E-5,gateway,0.15534853647681884
C8Corvette,22,222,7.73103770309923E-5,gateway,0.2705097328727204
BMWZ4,22,222,4.399475266130682E-5,gateway,0.1534622571200853
ATV,22,222,6.286239196322809E-5,gateway,0.21974976022059955
APEXracers,22,222,1.216837552767223E-4,gateway,0.4264063133073803
10thgenaccords,22,222,4.9071451402414334E-5,gateway,0.17129817597333968
7thgencivic,22,222,4.7913563949894684E-5,gateway,0.16723018066821813
CorollaHatchback,22,222,7.510390675018658E-5,gateway,0.2627577611904332
2022wrx,22,222,5.802143807772102E-5,gateway,0.20274208159371804
AcuraTSX,22,222,4.257570001640237E-5,gateway,0.14847671255387568
Autos,22,222,3.912242633489334E-5,gateway,0.13634435798598626
AwesomeCarMods,22,222,3.4981298929156794E-5,gateway,0.12179537327439952
CafeRacers,22,222,3.761076272371408E-5,gateway,0.13103344416632384
Bobbers,22,222,3.490883839857572E-5,gateway,0.12154079836077644
Charger,22,222,5.462523263418201E-5,gateway,0.19081022433981923
11thGenAccord,22,222,3.983422262386166E-5,gateway,0.13884510532151104
CSRRacing2,22,222,1.8891806036934437E-4,gateway,0.6626199771351744
1022,22,222,2.3737740314143294E-5,gateway,0.08229348251705247
22lr,22,222,2.2834840942877917E-5,gateway,0.07912133448546955
AcuraTL,22,222,4.202452543401932E-5,gateway,0.14654027597831953
Colt,22,222,1.2835635274900745E-5,gateway,0.043991217457462664
1911,22,222,1.66950447059304E-5,gateway,0.05755044500743396
3000gt,22,222,5.1035769151585184E-5,gateway,0.17819939540015473
AR9,22,222,2.1189463354476112E-5,gateway,0.0733406445831777
Acura,22,222,4.179165735611181E-5,gateway,0.14572214270847622
AR47,22,222,1.9626955819535233E-5,gateway,0.06785110127521211
Cadillac,22,222,4.7935690359323806E-5,gateway,0.1673079171783435
BMWX3,22,222,3.611496268572698E-5,gateway,0.12577826369201178
BMWX5,22,222,2.5855144405619605E-5,gateway,0.08973253877802759
Civic_Type_R,22,222,6.259627090257433E-5,gateway,0.21881479955324137
CTguns,22,222,1.994909920721047E-5,gateway,0.06898288466727419
CAguns,22,222,1.690854326794428E-5,gateway,0.058300527535777046
CX50,22,222,5.485929529613671E-5,gateway,0.19163255453077516
300BLK,22,222,3.769015725189388E-5,gateway,0.13131238022974256
4x4,22,222,4.8664338964160546E-5,gateway,0.16986787159974176
BMW,22,222,4.265438110241528E-5,gateway,0.14875314208751114
BMWE36,22,222,4.3843509813100915E-5,gateway,0.15293089701673845
CherokeeXJ,22,222,5.428613409520686E-5,gateway,0.18961887257111085
CX5,22,222,3.550485093375463E-5,gateway,0.12363476370224841
AE86,22,222,4.706786034415561E-5,gateway,0.16425897799201283
CivicSi,22,222,4.196499999951411E-5,gateway,0.1463311458184101
CarMechanicSimulator,22,222,5.993634000957935E-5,gateway,0.20946968888544287
AudiTT_Mk1_Mk2_Mk3,22,222,4.3139241200880397E-5,gateway,0.15045659659848695
CT200h,22,222,4.4574510328657856E-5,gateway,0.155499114384373
AeroPrecision,22,222,2.3687123512701872E-5,gateway,0.08211565097550161
BMWI4,22,222,4.042106836204473E-5,gateway,0.14090686503966363
BMWi3,22,222,3.56764422803001E-5,gateway,0.12423761399709138
Battlecars,22,222,5.393469637526922E-5,gateway,0.18838416967175917
CarTrackDays,22,222,2.0675324382378435E-5,gateway,0.07153432487557392
Autocross,22,222,4.2654937784894914E-5,gateway,0.1487550978749313
Cartalk,22,222,4.589383625949268E-5,gateway,0.16013429000604693
ChevyTahoe,22,222,3.3236691050679074E-5,gateway,0.11566605850940942
BroncoSport,22,222,6.435568760960095E-5,gateway,0.22499614203895696
Aprilia,22,222,4.552315352514069E-5,gateway,0.15883197377509362
Buick,22,222,3.275902510184735E-5,gateway,0.11398787913797269
Celica,22,222,3.880309342350976E-5,gateway,0.1352224486143523
COROLLA,22,222,3.59577548243647E-5,gateway,0.1252259467629715
ChevyTrax,22,222,3.6110308133783766E-5,gateway,0.12576191089760916
AAP01owners,22,222,4.1421070926958814E-5,gateway,0.1444201648256901
BmwTech,22,222,2.4876377061333346E-5,gateway,0.08629384449673237
335i,22,222,3.400793373832318E-5,gateway,0.11837565832899319
Audi,22,222,4.0662729017009234E-5,gateway,0.14175588918936743
CarRepair,22,222,1.6405733894115627E-6,gateway,0.004659709812558364
AMG,22,222,4.062788853120752E-5,gateway,0.1416334844320129
Bluray,22,222,3.1419351093885605E-5,gateway,0.10928121480464512
AnimeCollectors,22,222,7.174081491196082E-5,gateway,0.25094224166059975
Beretta,22,222,4.705093688714646E-5,gateway,0.1641995209666259
BourbonHunt,22,222,1.2287954593756786E-4,gateway,0.43060747360464624
AstonMartin,22,222,3.602618014514634E-5,gateway,0.12546634481123206
BikingATX,22,222,1.3015934689913057E-5,gateway,0.044624661728915986
Camry,22,222,3.111817568625084E-5,gateway,0.1082230980234241
10mm,22,222,1.6849977540509267E-5,gateway,0.05809476910586383
Chrysler300,22,222,4.014050059469387E-5,gateway,0.13992114889094115
BeamNGRP,22,222,4.786170802024401E-5,gateway,0.16704799570896098
AlfaRomeo,22,222,3.670814911683117E-5,gateway,0.1278623001081096
Alienware,22,222,7.1714009580142335E-6,gateway,0.024091115285993843
ASUSROG,22,222,4.359318663982339E-6,gateway,0.014211452504568985
ChinaTime,22,222,7.824097219664208E-5,gateway,0.273779184283213
ChineseWatches,22,222,2.376050424917368E-5,gateway,0.08237345883999145
AussieRiders,22,222,3.0339553886727376E-5,gateway,0.10548757323814881
ClayBusters,22,222,5.112904482001289E-5,gateway,0.17852709994554927
Corsair,22,222,6.749353085577069E-6,gateway,0.022608338389262773
4x4Australia,22,222,5.328214958077224E-5,gateway,0.18609158303856843
CarAV,22,222,4.9677197606621095E-5,gateway,0.17342633852441156
BudgetAudiophile,22,222,4.424981273037269E-6,gateway,0.014442144343206863
Airsoft3DPrinting,22,222,3.94523330901312E-5,gateway,0.13750341634568702
Asustuf,22,222,1.3121171429945048E-6,gateway,0.003505747512116415
ASUS,22,222,1.9638950948101605E-6,gateway,0.005795632977407646
AcerNitro,22,222,1.5245603017378623E-6,gateway,0.004252122101885542
CarHelp,22,222,1.965946738626339E-6,gateway,0.005802840998700073
BT_APC,22,222,1.4552456981313681E-5,gateway,0.05002291132047229
Ausguns,22,222,1.626828358082124E-5,gateway,0.05605110908357137
CZFirearms,22,222,4.0763926345172495E-5,gateway,0.1421114248288315
30_Minutes_Missions,22,222,1.9261917054897595E-4,gateway,0.6756230533855611
AZguns,22,222,1.0288056258704545E-5,gateway,0.03504083160194578
1688Time,22,222,3.383677092496514E-5,gateway,0.11777431359584428
AudiS4,22,222,3.2559718984965787E-5,gateway,0.11328765879618395
704nascarheat,22,222,2.34359731700711E-5,gateway,0.08123328679366476
ACCompetizione,22,222,2.7411659709491834E-5,gateway,0.0952010296358596
ChevySonic,22,222,3.0478424235910536E-5,gateway,0.10597546515481857
ChromeHeart,22,222,1.9957536113154474E-4,gateway,0.7000621735866157
AimeLeonDore,22,222,2.311301860592504E-4,gateway,0.8109234489035803
CarsIndia,22,222,6.793870217065556E-6,gateway,0.02276474001663905
2011,22,222,1.536703071009923E-4,gateway,0.5387843707472503
Airsoft_UK,22,222,1.8579249924811738E-5,gateway,0.06417020582064198
CarDesign,22,222,1.131309498853958E-5,gateway,0.03864209071522382
CCW,22,222,2.4955381072099976E-5,gateway,0.08657140855892603
65Grendel,22,222,1.4700194567466984E-5,gateway,0.05054195641898667
ChristopherWard,22,222,3.586515413429105E-5,gateway,0.12490061361280139
AcerOfficial,22,222,7.402518437668978E-7,gateway,0.001496618431947576
CampingGear,22,222,1.4909121292822622E-4,gateway,0.5226966814334172
3gun,22,222,1.39349030039469E-5,gateway,0.047853264628887136
Coach,22,222,2.8494769312584044E-4,gateway,1.0
CargoBike,22,222,3.51490328772965E-5,gateway,0.12238467140700904
Citroen,22,222,2.5545885199868708E-5,gateway,0.08864602126346033
AggressiveInline,22,222,2.9190892365439118E-5,gateway,0.10145199131211084
CRK,22,222,9.324902380264936E-5,gateway,0.3265068335373824
AUG,22,222,1.908687042674568E-5,gateway,0.0659536242471541
BuiltFromTheGroundUp,22,222,2.1423657582515405E-5,gateway,0.07416343700404492
CitizenWatches,22,222,1.9400005841515924E-5,gateway,0.06705376001111
AirpodsPro,22,222,6.739715193205007E-7,gateway,0.001263756379523442
Airpodsmax,22,222,1.7144571404339687E-6,gateway,0.004919284913428384
Amd,22,222,1.7315518165507986E-6,gateway,0.004979343481326767
COGuns,22,222,1.2595845383038602E-5,gateway,0.043148765842508104
CleetusMcFarland,22,222,7.688866988667739E-5,gateway,0.26902815305295796
AEWunrivaled,22,222,1.421950616317168E-4,gateway,0.49846849670219673
CircuitOfTheAmericas,22,222,3.634983233403686E-6,gateway,0.011666651518501504
ARCARacing,22,222,2.251190869023313E-6,gateway,0.006804986570571776
Brompton,22,222,1.0265044555088376E-5,gateway,0.03495998479592009
AMDLaptops,22,222,6.705927758059385E-7,gateway,0.0012518858711035267
CloneHero,22,222,8.006088478502002E-5,gateway,0.28017306639078987
2ALiberals,22,222,2.4373246787827548E-5,gateway,0.08452620154833332
4kbluray,22,222,2.8491173125862295E-6,gateway,0.00890567602871296
Cartier,22,222,4.315291337257582E-5,gateway,0.1505046309131751
AUTOMOBILISTA,22,222,1.176401901159907E-5,gateway,0.04022631792554624
7String,22,222,9.748979118275893E-6,gateway,0.03314689685760593
BudgetBlades,22,222,3.3317335132791486E-5,gateway,0.11594938461913212
Arcade1Up,22,222,2.0421061397208284E-5,gateway,0.07064102507541842
Atari2600,22,222,1.4206799227918006E-5,gateway,0.04880851512425078
CamperVans,22,222,2.944274902749578E-5,gateway,0.10233683699947069
CableManagement,22,222,1.7154121128582314E-6,gateway,0.004922640009236675
AndroidWear,22,222,7.822295560950508E-7,gateway,0.0016440983414146594
AppleWatch,22,222,2.5945102827161385E-6,gateway,0.00801116749948706
Commodore,22,222,2.151158361409452E-6,gateway,0.006453543284398141
Carhartt,22,222,1.1495526093762836E-4,gateway,0.4027671562179682
ANBERNIC,22,222,3.463906869250243E-5,gateway,0.12059301894112551
AutoDetailing,22,222,1.7161007971135335E-5,gateway,0.059187509448445016
AutoPaint,22,222,5.2681159034141E-7,gateway,7.4674075863018E-4
Controller,22,222,1.4513621924040481E-6,gateway,0.003994955859634827
8bitdo,22,222,4.299851676799931E-7,gateway,4.0656138114299233E-4
CanyonBikes,22,222,1.535020311925694E-5,gateway,0.05282562546749079
AyyMD,22,222,3.7805399365309523E-7,gateway,2.2411206651300547E-4
360hacks,22,222,2.105572245488646E-6,gateway,0.006293386003877461
BoltEV,22,222,1.624603624754678E-5,gateway,0.05597294773281569
BaseballGloves,22,222,4.67333692915152E-5,gateway,0.16308381366253905
Aventon,22,222,1.8043774527598768E-5,gateway,0.062288925047514765
CalamariRaceTeam,22,222,1.1949205725052699E-4,gateway,0.418706240850938
AirReps,22,222,6.489821767897524E-7,gateway,0.0011759615529434093
CarsPH,22,222,8.474318374254002E-6,gateway,0.02866864302471381
Chainsaw,22,222,6.198922949278539E-5,gateway,0.21668208656834623
Bowling,22,222,2.8840434681462616E-5,gateway,0.10022073156406035
CGCComics,22,222,3.1840530139180486E-5,gateway,0.11076093925899236
BalisongClones,22,222,3.121936023753153E-5,gateway,0.10857858877398449
BudgetKeebs,22,222,5.577420396019583E-6,gateway,0.018490998082427174
BikeMechanics,22,222,3.5499629875232945E-5,gateway,0.1236164206055098
BFSfishing,22,222,1.6653498902550025E-5,gateway,0.05740448251968863
Clarity,22,222,1.4174536009763747E-6,gateway,0.00387582511818764
CadillacLyriq,22,222,4.419085604217031E-6,gateway,0.014421431144329812
AMDHelp,22,222,6.607113367546803E-7,gateway,0.0012171695024436105
ASRock,22,222,8.698229662456998E-7,gateway,0.0019518394612247309
CowboyHats,22,222,1.3194855398538946E-5,gateway,0.04525326220394081
BottleCapCollecting,22,222,7.341284967329083E-6,gateway,0.024687967208695122
AnnePro,22,222,6.114670802016793E-7,gateway,0.0010441601101871464
Colognes,22,222,4.7514553077760625E-5,gateway,0.16582833945212958
Barbour,22,222,1.5264283995287595E-5,gateway,0.052523766601875764
Cd_collectors,22,222,1.5566774996147738E-5,gateway,0.05358650544463881
Citibike,22,222,6.399673549178911E-6,gateway,0.021379812499920645
24hoursupport,22,222,3.202548469683923E-7,gateway,2.1046857677940413E-5
CYBERPOWERPC,22,222,6.20967462097738E-7,gateway,0.0010775377142590522
BarBattlestations,22,222,2.226525143108241E-6,gateway,0.006718328703262152
BarOwners,22,222,9.501563794722226E-7,gateway,0.002234074100816647
CookbookLovers,22,222,2.6211362910331213E-6,gateway,0.0081047124088752
BookCollecting,22,222,9.14939499654718E-6,gateway,0.031040383494057376
ApolloScooters,22,222,3.525857492344427E-7,gateway,1.3463471834819436E-4
Colorguard,22,222,2.6859880557729986E-6,gateway,0.008332555515661255
BJJWomen,22,222,1.1532387171130037E-6,gateway,0.002947561404162125
Californiahunting,22,222,6.863140871775374E-7,gateway,0.0013071194093121404
Bluetooth_Speakers,22,222,4.5646529039562624E-7,gateway,4.995937519937426E-4
AskBattlestations,22,222,3.1426420769956803E-7,gateway,0.0
10s,22,222,4.005022263728644E-6,gateway,0.01296670623003498
CarWraps,22,222,1.4028191418989074E-6,gateway,0.003824410008117501
AlienwareAlpha,22,222,5.489603129649047E-7,gateway,8.245556614955232E-4
AusProperty,23,6,2.8142393856317906E-6,gateway,0.31242380324126995
AusPropertyChat,23,6,2.3513281447988426E-6,gateway,0.23314619094196443
AusEcon,23,6,6.829077133357087E-6,gateway,1.0
AusFinance,23,6,4.249111150180053E-6,gateway,0.5581581847274345
BayAreaRealEstate,23,6,1.7019768428372197E-6,gateway,0.12193908205790915
CommercialRealEstate,23,6,9.89960295613939E-7,gateway,0.0
2greek4you,24,3,0.0,gateway,0.0
AEKAthensFC,24,3,0.0,gateway,0.0
AncientGreek,24,3,0.0,gateway,0.0
BoxerDogs,25,130,2.0212976127469885E-4,gateway,0.2680299135078233
Boxers,25,130,2.4578439423127526E-4,gateway,0.3261359247389844
Boxer,25,130,1.397557616425128E-4,gateway,0.18500769850568669
AnimalsBeingDerps,25,130,2.0195291525494256E-4,gateway,0.267794524589988
AnimalsBeingStrange,25,130,3.010956702187231E-4,gateway,0.39975738037997915
ATBGE,25,130,2.5604726240591245E-4,gateway,0.3397962007058577
AnimalCrossing,25,130,6.298746277561538E-4,gateway,0.8373749367626505
AnimalCrossingNewHor,25,130,4.723787959773164E-4,gateway,0.6277418703409213
Blacklabs,25,130,2.0643875816194488E-4,gateway,0.27376535564919713
BrittanySpaniel,25,130,1.9045430085687755E-4,gateway,0.2524894224254283
AnimalsBeingFunny,25,130,2.4329018826811232E-4,gateway,0.32281603977161943
AnimalMemes,25,130,6.39989138937787E-4,gateway,0.8508377438123007
BorderTerrier,25,130,1.7234936674286543E-4,gateway,0.22839105224752168
Bernedoodles,25,130,9.92738714178907E-5,gateway,0.13112473102339645
AussieDoodle,25,130,8.571435940762723E-5,gateway,0.11307649412855982
BorderCollie,25,130,1.0170898118479781E-4,gateway,0.13436595665930456
AustralianCattleDog,25,130,1.2400151811642706E-4,gateway,0.16403818875913226
Catmemes,25,130,6.127167781116748E-4,gateway,0.8145371727815316
AlaskanMalamute,25,130,1.3447666531643778E-4,gateway,0.17798101634990224
BeardedDragon,25,130,1.9720388454905124E-4,gateway,0.2614733803529459
BeardedDragons,25,130,2.2352388304456777E-4,gateway,0.2965063201489553
CatGifs,25,130,1.4722824897900992E-4,gateway,0.1949538692484601
CatsBeingCats,25,130,3.665678496398432E-4,gateway,0.4869033929591342
CavaPoo,25,130,1.1145120282262072E-4,gateway,0.14733323187306904
BelgianMalinois,25,130,1.4097024472152668E-4,gateway,0.18662422263267756
BostonTerrier,25,130,1.3243798657429137E-4,gateway,0.17526745579824848
AnimalCrossingNewLeaf,25,130,3.5229207346201857E-4,gateway,0.46790178065037097
ACPocketCamp,25,130,5.369956765799688E-4,gateway,0.7137494469881714
BabyCorgis,25,130,1.1783526304535088E-4,gateway,0.15583066387235664
Basenji,25,130,3.1997709649131357E-4,gateway,0.4248892917660353
AustralianShepherd,25,130,1.0144045142198095E-4,gateway,0.13400853312009722
Chihuahua,25,130,9.328497409105651E-5,gateway,0.1231532761796128
AnatolianShepherdDogs,25,130,1.0251246595271222E-4,gateway,0.13543542607839099
Blackmouthcur,25,130,1.0528030776247117E-4,gateway,0.13911953098070248
AnimalsBeingConfused,25,130,1.1706416857376077E-4,gateway,0.15480430719513824
AnimalTextGifs,25,130,7.139230392132959E-4,gateway,0.9492466353506979
ChildrenFallingOver,25,130,3.715598761137335E-4,gateway,0.4935479739969969
Canaries,25,130,1.7246738671632358E-4,gateway,0.22854814141398155
AfricanGrey,25,130,2.3846097039884826E-4,gateway,0.3163881633070915
Conures,25,130,1.6572949673296684E-4,gateway,0.21957974826687401
BetterEveryLoop,25,130,1.9224920334157543E-4,gateway,0.2548785073145038
Catahoula,25,130,1.0867347587187724E-4,gateway,0.1436359694643449
AdoptMeRBX,25,130,3.8063681803161435E-4,gateway,0.5056297360759409
AnimalsBeingBros,25,130,9.206219367491911E-5,gateway,0.12152570797479022
Awww,25,130,1.0996520959555635E-4,gateway,0.14535531719841996
Animal,25,130,1.4440370368155213E-4,gateway,0.19119428980267114
CatsWithDogs,25,130,9.326345559743184E-5,gateway,0.12312463422920455
CaneCorso,25,130,9.07223929689804E-5,gateway,0.11974238122126486
CatsOnCats,25,130,1.0132146451122087E-4,gateway,0.1338501569225499
CozyGrove,25,130,3.8076927382157575E-4,gateway,0.5058060398745957
AnimalsBeingGeniuses,25,130,7.535877836209198E-5,gateway,0.09929281373120984
BirdPhotography,25,130,1.0257526505782562E-5,gateway,0.012640520141017034
AustralianBirds,25,130,2.3996745467442884E-5,gateway,0.030927953964770005
AdoptMeTrading,25,130,1.404600426249181E-4,gateway,0.18594512383495798
Bondedpairs,25,130,4.130918147240415E-5,gateway,0.05397147839306311
AnimalRestaurant,25,130,5.70448233304616E-4,gateway,0.7582760986882765
Animalsthatlovemagic,25,130,1.3748066940753748E-4,gateway,0.18197946241700166
BeAmazed,25,130,1.7523187693950986E-4,gateway,0.23222778522444906
Amazing,25,130,1.9106732254654907E-4,gateway,0.25330537809319054
Catculations,25,130,6.709173913008354E-5,gateway,0.08828906356931168
CatsAndSoup,25,130,2.8455959893278443E-4,gateway,0.37774722753283935
Cichlid,25,130,6.511665775192478E-5,gateway,0.08566015357811081
Aquariums,25,130,3.9016719226260045E-5,gateway,0.050920122145171554
Bunnies,25,130,1.3479517446118682E-4,gateway,0.1784049643867675
Chameleons,25,130,1.349578389621861E-4,gateway,0.17862147715258042
BuddyCrossing,25,130,2.565547591753358E-4,gateway,0.34047169860806714
AmazonBudgetFinds,25,130,6.13276689385763E-5,gateway,0.0806168623709171
ContagiousLaughter,25,130,7.520536810889229E-4,gateway,1.0
1morewow,25,130,2.1419337129885156E-4,gateway,0.28408704678504093
AdorableHome,25,130,1.1830238734610061E-4,gateway,0.15645242445141616
BigCatGifs,25,130,8.552613049774002E-5,gateway,0.11282595414205221
CatSmiles,25,130,7.902246189551708E-5,gateway,0.1041693187462073
Catsmirin,25,130,8.296369622539514E-5,gateway,0.10941525464639755
BenignExistence,25,130,8.843982084042928E-5,gateway,0.11670418910384502
CatsEnjoyingPets,25,130,8.158116602802946E-5,gateway,0.10757505328093292
Animals,25,130,8.475483917004607E-5,gateway,0.1117993354417172
CatAdvice,25,130,3.680367437849397E-6,gateway,0.0038860660822552127
CATHELP,25,130,2.6345626196027027E-6,gateway,0.0024940592687953266
ALLTHEANIMALS,25,130,5.095977035868677E-5,gateway,0.06681678685714862
BabyYoda,25,130,4.2759895512604776E-4,gateway,0.5681381637189545
CatsOnKeyboards,25,130,1.0151985748754507E-4,gateway,0.13411422567607587
Crayfish,25,130,1.1346605022629399E-4,gateway,0.15001507198803163
BeforeNAfterAdoption,25,130,3.8030142817459593E-5,gateway,0.04960695064405779
Birdsfacingforward,25,130,1.536915210183508E-4,gateway,0.20355673525082824
CatTraining,25,130,1.2422494817244666E-5,gateway,0.015522177012260387
Catswhoyell,25,130,9.852377610351959E-5,gateway,0.1301263250396686
CatsWhoSqueak,25,130,4.192872256699909E-5,gateway,0.054796111641875624
Amphibians,25,130,2.916620742579699E-5,gateway,0.03780870852087797
AfricanDwarfFrog,25,130,9.082440442222616E-5,gateway,0.11987816242583715
CatSlaps,25,130,5.63785976639812E-5,gateway,0.07402945637092877
CatTaps,25,130,4.4063213684183095E-5,gateway,0.05763720218434515
AccidentalCamouflage,25,130,1.0502552445102203E-4,gateway,0.1387804045019321
Boraras,25,130,6.804084315187037E-6,gateway,0.00804385451534305
AskVet,25,130,3.22477850307569E-6,gateway,0.0032796595231372816
ClanGen,25,130,5.359486793778149E-4,gateway,0.7123558530654402
CafeNikki,25,130,1.5053913794559369E-4,gateway,0.19936079099875423
Covetfashion,25,130,1.1547758601621066E-4,gateway,0.15269250421652028
BJD,25,130,2.6108586071819164E-4,gateway,0.3465027706686341
Barbie,25,130,2.4687543665563553E-5,gateway,0.031847433184728
Cows,25,130,7.727415702167651E-5,gateway,0.10184225708620152
BackYardChickens,25,130,5.954829189122437E-5,gateway,0.07824844244167965
Blessed_Images,25,130,1.3911903902081516E-4,gateway,0.18416019597727698
CatDistributionSystem,25,130,5.427010885882311E-5,gateway,0.07122297591523095
AnimalCrossingTours,25,130,6.16536882667409E-5,gateway,0.08105080675346983
CatsAndPlants,25,130,1.4788825726410324E-4,gateway,0.1958323658988486
AnimalsOnReddit,25,130,7.99996886300988E-5,gateway,0.10547004546796165
Awwducational,25,130,2.2134715728283888E-6,gateway,0.0019335707378861765
AIDKE,25,130,7.358463407248233E-6,gateway,0.008781754609055236
Chonkers,25,130,1.023524811082567E-4,gateway,0.13522248003946782
AquaticSnails,25,130,2.100350645300332E-5,gateway,0.026943836632628428
CatsCalledFood,25,130,7.212713339139009E-5,gateway,0.0949913688158554
AnimalsBeingMoms,25,130,3.282470705797232E-5,gateway,0.0426783135620619
ChrisRamsay52,25,130,1.3850384443394307E-4,gateway,0.18334134809898428
AngelFish,25,130,1.316505534648632E-5,gateway,0.016510553904464507
Anoles,25,130,2.9001388550351286E-5,gateway,0.037589328199039464
Catan,25,130,4.6983280358492505E-5,gateway,0.061523924291067185
Carebears,25,130,2.611211228108706E-5,gateway,0.033743589316781765
AnimalRescue,25,130,6.4702883218102065E-6,gateway,0.0075995590894861065
AnimalShelterStories,25,130,8.140379594079951E-7,gateway,7.087026942604874E-5
CarpFishing,25,130,1.1819650536641925E-5,gateway,0.01471976787107742
Beetles,25,130,5.061079931477735E-6,gateway,0.005723848013478316
ClubPenguin,25,130,5.401308366560458E-5,gateway,0.0708808654047909
CatsInSinks,25,130,2.0687932641299158E-5,gateway,0.026523795638001762
ACNHwishlistrequest,25,130,9.326963485960536E-5,gateway,0.12313285906704964
AustralianSpiders,25,130,3.979576073933218E-6,gateway,0.004284324392800183
AbsoluteUnits,25,130,9.059026160703502E-6,gateway,0.011045269653377248
BLAHAJ,25,130,1.496548056652445E-5,gateway,0.018906989768682245
ACNHIslandInspo,25,130,5.594522468909791E-6,gateway,0.006433880740177411
Animal_Sanctuary,25,130,7.607936300559111E-7,gateway,0.0
Catswithjobs,25,130,1.6245215694974797E-6,gateway,0.001149655419157495
AmazonReviewClub,26,56,6.006742316621175E-6,gateway,0.04960007580663155
AMZreviewTrader,26,56,7.567187702662559E-6,gateway,0.06533193049001426
CanSkincare,26,56,1.0990184705200312E-5,gateway,0.09984136728753538
AusSkincare,26,56,1.642581797892438E-5,gateway,0.15464148624031693
Armor,26,56,1.8236282067592996E-5,gateway,0.1728939404480685
ArmsandArmor,26,56,8.687374214862968E-6,gateway,0.07662525199031239
CNfans,26,56,6.684200285412433E-5,gateway,0.662919508170505
AllChinabuy,26,56,3.765044877333383E-5,gateway,0.36862065549093753
CoutureReps,26,56,9.20989136905923E-5,gateway,0.917550688848001
1688Reps,26,56,8.42883946711121E-5,gateway,0.8388078175399751
30PlusSkinCare,26,56,5.6143760449129955E-6,gateway,0.04564437878295498
45PlusSkincare,26,56,8.633440423959195E-6,gateway,0.07608151071707593
AsianBeauty,26,56,2.5833099296862363E-5,gateway,0.24948234640969458
AusFemaleFashion,26,56,3.2496334785296804E-5,gateway,0.31665871372309007
AustralianMFA,26,56,2.627057972741877E-5,gateway,0.2538928683170307
BoostMasterLin,26,56,5.6641558973801153E-5,gateway,0.5600822655045903
1to1reps,26,56,3.096059319847925E-5,gateway,0.30117591394607784
Converse,26,56,8.407223213484337E-5,gateway,0.8366285438281293
Birkenstocks,26,56,9.046112845696333E-5,gateway,0.9010391213631536
BlundstoneBoots,26,56,2.781026034378067E-5,gateway,0.2694153799871598
Boots,26,56,5.252515377838119E-5,gateway,0.5185821342397906
BeautyAddiction,26,56,6.892671798284989E-5,gateway,0.6839368636990825
Cordwaining,26,56,2.731814115006882E-5,gateway,0.2644540095273974
AustralianMakeup,26,56,2.9836756303000814E-5,gateway,0.2898457905815285
Beautytouch,26,56,1.6134749629097882E-5,gateway,0.151707038791298
BestDealsFinder,26,56,5.099953059262422E-6,gateway,0.040458149435590895
AllElectronicsDeals,26,56,4.825662596140035E-6,gateway,0.037692850665458424
ColourPop,26,56,2.7361465254953685E-5,gateway,0.26489078772446417
Blackskincare,26,56,3.0282817384643493E-6,gateway,0.019572296933437077
Bape,26,56,7.052247334364585E-5,gateway,0.7000247009735139
BlackestFridayDeals,26,56,1.5537978845675413E-5,gateway,0.14569060827211944
Amazon_Best_Deals,26,56,6.942740222314327E-6,gateway,0.05903647336852913
Aritzia,26,56,1.0027707511902999E-4,gateway,1.0
Couponifier,26,56,2.7066203836138295E-6,gateway,0.01632942170240725
Athleta_gap,26,56,8.618908215403908E-5,gateway,0.8579698718786962
Boardgamedeals,26,56,2.4683856857533844E-5,gateway,0.23789609339935494
3DSdeals,26,56,1.7754492601730978E-5,gateway,0.16803671062591255
BigBoiRepFashion,26,56,3.05541066689317E-5,gateway,0.2970778615113065
BeautyDiagrams,26,56,9.247132370939134E-6,gateway,0.08226853438135338
BestThings,26,56,1.2349201925776465E-5,gateway,0.11354249493837629
BeautyBoxes,26,56,2.946926083153007E-5,gateway,0.2861408321089699
AwesomeFreebies,26,56,1.6888639381544868E-6,gateway,0.006068763658064848
AnimeDeals,26,56,4.51768363966681E-5,gateway,0.4444990152465957
3dprintingdeals,26,56,1.1007949219999177E-5,gateway,0.10002046279951964
AcneScars,26,56,3.5650646239555748E-6,gateway,0.024983950828289164
BusinessFashion,26,56,2.5232211635819453E-5,gateway,0.2434244109964304
Burberry,26,56,7.754288167811704E-6,gateway,0.06721821075028454
ClothingStartups,26,56,5.0816757241378966E-5,gateway,0.501358688740109
AskACobbler,26,56,1.2751262936718009E-5,gateway,0.11759593087055736
CompulsiveSkinPicking,26,56,1.6203014037862383E-6,gateway,0.005377540602740877
BattleJackets,26,56,7.787898646973178E-5,gateway,0.7741904465428445
BarefootRunning,26,56,1.528610584573975E-5,gateway,0.14315131438263087
CandidFashionPolice,26,56,1.0102368196323325E-5,gateway,0.09089071741019933
AskRunningShoeGeeks,26,56,3.284251770321618E-6,gateway,0.022152895639742973
AudioProductionDeals,26,56,1.0869022216376231E-6,gateway,0.0
AreMyAirpodsAuthentic,26,56,3.146977151445479E-6,gateway,0.02076894181784427
Cawwsplay,28,145,3.6481234055550866E-5,gateway,0.04312067997537776
CosplayForEveryone,28,145,3.737429907425004E-5,gateway,0.04422224788486838
CosplayGirlsNSFW,28,145,3.9428173349541315E-5,gateway,0.04675563788942222
BaldursGate3,28,145,5.299964871297955E-4,gateway,0.6518563870603888
AnimeART,28,145,3.9089727779508676E-4,gateway,0.48028184094075477
AnimeGirls,28,145,2.732962660736181E-4,gateway,0.3352246525798285
CosplayNation,28,145,1.7355954643731727E-5,gateway,0.01953024297585372
Cookierun,28,145,1.4440450828899422E-4,gateway,0.1762406803040024
ChainsawMan,28,145,3.650687176778009E-4,gateway,0.4484231157888122
Chainsawfolk,28,145,4.6537041655298996E-4,gateway,0.5721421400869946
Choices,28,145,7.918216438392337E-4,gateway,0.9748095701876107
AnimeMirchi,28,145,5.099436822810712E-4,gateway,0.6271218762978825
Animey,28,145,2.747830957545326E-4,gateway,0.33705861072294246
Bioshock,28,145,2.1065767302375326E-4,gateway,0.25796189728808194
BioshockInfinite,28,145,1.1809057216033172E-4,gateway,0.1437832589463257
Avatarthelastairbende,28,145,3.0935898355483087E-4,gateway,0.3797068923659015
CounterSide,28,145,5.650137539507717E-4,gateway,0.6950490959901868
AetherGazer,28,145,4.63440124869967E-4,gateway,0.5697611853642668
ChiknNuggit,28,145,6.710774597024845E-4,gateway,0.8258753764640597
Amazingdigitalcircus,28,145,8.122440721594673E-4,gateway,1.0
AliceInBorderland,28,145,1.593342904035089E-4,gateway,0.19465610194596936
AliceInBorderlandLive,28,145,1.7479128174937179E-4,gateway,0.21372181976870747
Beyblade,28,145,4.796836316798259E-4,gateway,0.5897970455364592
AnotherEdenGlobal,28,145,6.940895558163874E-4,gateway,0.8542600809126931
BokuNoHeroAcademia,28,145,1.601648364082047E-4,gateway,0.19568055459720093
AnimeSketch,28,145,2.3649136559024544E-4,gateway,0.289826953156405
ChurchOfJirou,28,145,1.228271841940955E-4,gateway,0.14962572249248646
BNHA_OC_Characters,28,145,9.99209081473998E-5,gateway,0.12137154380376407
ATLA,28,145,4.4749432303640654E-4,gateway,0.5500925350161294
AnimeMusicVideos,28,145,2.2947079671453E-4,gateway,0.2811672999195987
Blacksouls2,28,145,7.566955389835776E-4,gateway,0.9314826129289396
ChoujinX,28,145,9.478312632136499E-5,gateway,0.11503424980274297
AoNoExorcist,28,145,1.5128812279960953E-4,gateway,0.1847314045933075
ChurchOfKasumi,28,145,1.6859473677730962E-4,gateway,0.20607857437445648
Blazblue,28,145,4.843606648269085E-4,gateway,0.5955660203799197
ActionTaimaninGame,28,145,3.5721316183055687E-4,gateway,0.4387335321063835
CARTOON,28,145,1.1811185973426061E-4,gateway,0.14380951650632412
AnimaticBattle,28,145,5.23494906901086E-4,gateway,0.643836890169382
BlueBox,28,145,1.2886308323347984E-4,gateway,0.15707081612788137
BokuNoShipAcademia,28,145,1.9346845935609128E-4,gateway,0.23675953713601303
AnimeFeets,28,145,1.4657302922261786E-4,gateway,0.1789154833939475
Arifureta,28,145,1.5226926989273133E-4,gateway,0.18594161900059364
100Kanojo,28,145,2.0543287160396185E-4,gateway,0.2515172673261038
ChangedFurry,28,145,7.664091180698163E-4,gateway,0.9434640104572913
BrownDust2Official,28,145,2.513227708301161E-4,gateway,0.3081210299848648
Ben10,28,145,1.627416887275639E-4,gateway,0.198859021744685
5YL,28,145,2.2416430922473995E-4,gateway,0.27462191273224634
AnimatedPixelArt,28,145,2.503686996046981E-4,gateway,0.30694421281782397
BlackClover,28,145,3.489786982299223E-4,gateway,0.42857657750128647
AncientMagusBride,28,145,1.8095838027712153E-4,gateway,0.22132874389023588
CodeLyoko,28,145,3.1376612772114203E-4,gateway,0.3851429675501905
Boruto,28,145,1.4977360167450798E-4,gateway,0.18286328991551218
Asuka,28,145,8.759896927455118E-5,gateway,0.10617281564754764
AlbedosCreations,28,145,2.7986694150059486E-4,gateway,0.3433293762477413
BlueEyeSamurai,28,145,1.6373622392011413E-4,gateway,0.20008574995599504
ActionFigures,28,145,3.056236879569365E-4,gateway,0.37509952148366116
AzumangaPosting,28,145,4.404077338275115E-4,gateway,0.5413514477528169
AraAra,28,145,4.167517605679437E-4,gateway,0.5121725408816633
Aether_Mains,28,145,2.884517993802751E-4,gateway,0.35391853129220613
BNHARule34,28,145,1.2049951961258472E-4,gateway,0.14675462066522532
5ToubunNoHanayome,28,145,1.6986981617998542E-4,gateway,0.20765134513876884
CrankGameplays,28,145,3.508794738969833E-4,gateway,0.4309211251368269
ChurchOfMinaAshido,28,145,2.0851567940920475E-4,gateway,0.25531981482071875
Bakugan,28,145,2.6698264118242863E-4,gateway,0.32743699274871574
BlueLock,28,145,1.4526549287640597E-4,gateway,0.17730267799980318
CitrusManga,28,145,1.7797281537572908E-4,gateway,0.217646142491442
CentaurWorld,28,145,3.709581187411167E-4,gateway,0.4556875087295618
BeachCity,28,145,3.9697951105266156E-4,gateway,0.48778408639242427
AzureLane,28,145,1.9792169113488342E-4,gateway,0.24225245995610803
AkatsukinoYona,28,145,6.985106650531671E-5,gateway,0.08428132987440043
Alastorcult,28,145,3.624228239538323E-4,gateway,0.4451594882172253
Adastra_,28,145,4.280832598493005E-4,gateway,0.5261495926230253
Berserk,28,145,2.2214929462971824E-4,gateway,0.27213645493404004
AlpharadTV,28,145,6.086284071033068E-4,gateway,0.7488464134199723
BoFuri,28,145,2.557420774313308E-4,gateway,0.3135721071541275
AceAttorney,28,145,3.2655198470706915E-4,gateway,0.4009139242623334
Beastars,28,145,4.148491012293891E-4,gateway,0.5098256697959531
AVN_Lovers,28,145,3.1602691836413275E-4,gateway,0.38793158245532106
AlienStage,28,145,4.222954567989409E-4,gateway,0.5190105176696532
ChurchOfFeMC,28,145,3.088593729401063E-4,gateway,0.37909063821990086
Anime_For_Otakus,28,145,7.605215988522008E-6,gateway,0.007503010275535781
ArcaneAnimatedSeries,28,145,3.386902449831009E-4,gateway,0.4158860905852262
BugFables,28,145,3.93914320175941E-4,gateway,0.4840032688309247
CourageTheCowardlyDog,28,145,2.719660685625987E-4,gateway,0.3335838953440814
AllTomorrows,28,145,4.3106686822234804E-4,gateway,0.5298297807049904
BananaFish,28,145,2.0495591476331104E-4,gateway,0.2509289559054659
CampCamp,28,145,4.718061780685495E-4,gateway,0.5800804516435277
Blasphemous,28,145,3.6361123912556143E-4,gateway,0.4466253613495482
AmourShipping,28,145,2.0184028051370035E-4,gateway,0.24708591801324145
ChurchofFroppy,28,145,1.0049684072579212E-4,gateway,0.12208193871690406
Bigbossmalayalam5,28,145,2.505676279802394E-4,gateway,0.30718958477865005
BendyAndTheInkMachine,28,145,4.219935140911301E-4,gateway,0.5186380807356508
Ao_Ashi,28,145,2.497318133835499E-5,gateway,0.02892585506503213
BocchiTheRock,28,145,1.667542252864309E-4,gateway,0.20380836072489053
Avatar,28,145,8.180624374699498E-5,gateway,0.09902766897173493
AHatInTime,28,145,4.5166898843206494E-4,gateway,0.555241854871269
Bugsnax,28,145,1.6377487090618172E-4,gateway,0.20013341981066318
Charadefensesquad,28,145,1.1330920528718201E-4,gateway,0.13788559169849748
AsrielUndertale,28,145,1.7384332546847676E-4,gateway,0.21255254519544622
AceOfTheDiamond,28,145,5.625601401250522E-5,gateway,0.06751225568567536
ANRime,28,145,1.5619159373291222E-4,gateway,0.19077968339960769
Avatar_Kyoshi,28,145,8.422507454455628E-5,gateway,0.10201122148951489
APlagueTale,28,145,1.2252835527716487E-4,gateway,0.1492571263226375
AdorableDragons,28,145,3.0665910266658317E-6,gateway,0.0019047576214611536
AnimeFigures,28,145,1.2525040133586743E-4,gateway,0.15261468542935266
ChainsawMan34,28,145,4.6196607730411964E-5,gateway,0.055104291072949965
BuffaloWizards,28,145,4.188282559401068E-4,gateway,0.5147338333052681
AtarashiiGakko,28,145,1.9736962067299076E-4,gateway,0.24157149822111093
Animorphs,28,145,1.3570156892262706E-4,gateway,0.16550587542025852
ChronoCross,28,145,5.3831035521645365E-5,gateway,0.0645211201795202
CDrama,28,145,3.315139532487626E-5,gateway,0.039013427521538566
CollectibleAvatars,28,145,3.1186100678510945E-4,gateway,0.382793060160593
AKB48,28,145,9.705209293280778E-5,gateway,0.11783294951053319
CorpseHusband,28,145,1.2622617246712723E-4,gateway,0.15381826875497526
Beetlejuice,28,145,1.0725648240874464E-4,gateway,0.13041974638116766
CoolGamesInc,28,145,9.996946144569886E-5,gateway,0.12143143278629759
AzurLane,28,145,4.44343391510102E-5,gateway,0.05293058761986856
Bayonetta,28,145,9.279624937195859E-5,gateway,0.1125834989147945
Cosmere,28,145,1.6126295114147836E-4,gateway,0.1970350449487266
AlHaithamMains,28,145,1.6260772946856067E-4,gateway,0.19869378716735037
AyakaMains,28,145,2.2181091216726592E-5,gateway,0.025481898786382233
Amnesia,28,145,1.4002889918893373E-4,gateway,0.17084350264260148
ChurchOfMineta,28,145,9.142113584035973E-5,gateway,0.11088733916539346
AcheronMainsHSR,28,145,2.0380569965635976E-5,gateway,0.023261011853148286
Atelier,28,145,2.981701691903044E-5,gateway,0.03490057551964473
ARMS,28,145,5.800085929651623E-5,gateway,0.0696644680460836
AmberMains,28,145,1.9726032401508364E-5,gateway,0.022453660136193387
BoothillMains,28,145,1.2088489172742155E-4,gateway,0.14722996517657472
Ayato_Mains,28,145,2.6934925131453327E-5,gateway,0.03134560498678722
Astolfo,28,145,2.0534029151909934E-5,gateway,0.023450298983957826
ChurchOfTifa,28,145,1.3081398450494476E-5,gateway,0.014257710930378252
ChurchOfAnn,28,145,2.015136679949643E-5,gateway,0.022978296880233173
BeidouMains,28,145,2.1448300384953797E-5,gateway,0.024578024098931554
BanjoKazooie,28,145,1.2688559834628399E-5,gateway,0.013773156722357537
AsianAsians,28,145,5.0089123930974825E-6,gateway,0.0043005505843246965
ColetteGang,28,145,2.2862455050898627E-5,gateway,0.026322339872636703
CellsAtWork,28,145,6.755552410520397E-6,gateway,0.006454976692546644
Albedomains,28,145,8.54686231710531E-6,gateway,0.008664501718978415
CapitanoMainsGI,28,145,8.89104590129619E-6,gateway,0.009089041459511964
AhriMains,28,145,1.5223626716348677E-6,gateway,0.0
BaizhuMains,28,145,1.907807704123073E-6,gateway,4.7543445300324717E-4
BorutoMangaMe,28,145,6.8123173755576475E-6,gateway,0.006524994510464843
ChurchOfSenko,28,145,2.9812119910613984E-6,gateway,0.0017994452379326911
CTsandbox,28,145,1.605853183599515E-6,gateway,1.0298294838729769E-4
BokunoheroFanfiction,28,145,3.0958916308815913E-6,gateway,0.0019408990049628611
Coronavirus,29,32,4.6706040568551864E-5,gateway,0.15904842030738164
CoronavirusUS,29,32,5.3277686442296835E-5,gateway,0.18201085377006704
CoronaVirus_2019_nCoV,29,32,4.529619390077053E-5,gateway,0.15412217946551643
COVID19_Pandemic,29,32,6.568480273574717E-5,gateway,0.22536340012232486
CoronavirusFOS,29,32,4.7344667734364505E-5,gateway,0.16127989079197114
CoronavirusAustralia,29,32,3.9590937048346644E-5,gateway,0.1341870546310042
Coronavirus_NZ,29,32,6.689156819787995E-5,gateway,0.22958004115284641
China_Flu,29,32,2.6325678152752672E-5,gateway,0.08783601402300067
CoronavirusCA,29,32,3.438657789996252E-5,gateway,0.11600215042943522
CoronavirusOC,29,32,3.24412334571908E-5,gateway,0.10920479050052984
CoronavirusMa,29,32,4.4983961045086285E-5,gateway,0.15303118547234376
CoronavirusMichigan,29,32,3.609121651868217E-5,gateway,0.12195844381655403
CoronavirusDownunder,29,32,1.3721380812602765E-4,gateway,0.47529774815048204
COVID19,29,32,1.546440085363784E-5,gateway,0.04988488852229356
CoronavirusWA,29,32,3.4946240874915575E-5,gateway,0.11795770678027744
CoronavirusNewYork,29,32,3.922465732163802E-5,gateway,0.13290721180093332
Coronaviruslouisiana,29,32,3.888693980002262E-5,gateway,0.1317271701084467
Coronavirus_Ireland,29,32,4.520499737735013E-5,gateway,0.153803523509109
COVID19_commentary,29,32,1.1855791341916745E-4,gateway,0.4101109214219416
COVIDAteMyFace,29,32,6.32504151268306E-5,gateway,0.2168572413051765
CoronavirusIllinois,29,32,3.7358530472784166E-5,gateway,0.12638665143858407
Covid19_Ohio,29,32,2.9630267776648314E-5,gateway,0.09938280470801696
COVID19_support,29,32,6.380455814161641E-5,gateway,0.21879350998889663
COVID19positive,29,32,2.8737896348357875E-4,gateway,1.0
CoronavirusGA,29,32,2.7632394407907832E-5,gateway,0.0924018998969622
CoronavirusColorado,29,32,2.6417088215436266E-5,gateway,0.08815541612142747
CoronaVirusTX,29,32,2.9144280099522682E-5,gateway,0.09768468221114496
CoronavirusAZ,29,32,2.0877256080298148E-5,gateway,0.06879831300883027
CoronavirusWI,29,32,2.2082743515686532E-5,gateway,0.07301048839944281
CoronavirusMN,29,32,5.169060759099675E-6,gateway,0.013911242583604336
CovidVaccinated,29,32,2.375370174814316E-5,gateway,0.07884909686509439
COVID19PGH,29,32,1.1877858619173468E-6,gateway,0.0
Calisthenic,39,160,2.9508424533544536E-6,gateway,0.029345068138836354
CalisthenicsCulture,39,160,1.4297126596624078E-6,gateway,0.012265460577119441
BPDlite,39,160,6.561826447563831E-5,gateway,0.7329898060722219
BorderlinePDisorder,39,160,5.005111983000987E-5,gateway,0.5581981988692114
AuDHDWomen,39,160,5.1930083927620725E-5,gateway,0.5792956552091179
AutisticWithADHD,39,160,5.0656711523146904E-5,gateway,0.5649979266138841
ADHD,39,160,2.155799968925393E-5,gateway,0.23827066064660088
ADHDers,39,160,2.719089238931429E-5,gateway,0.3015181212862208
BPD,39,160,3.769376138635453E-5,gateway,0.4194468355126199
BreakUp,39,160,1.9459204688385224E-5,gateway,0.21470489057491954
BreakUps,39,160,1.2162076132396396E-5,gateway,0.13277099342786314
BlackGirlDiaries,39,160,2.9957347485729055E-5,gateway,0.3325805379056416
BlackWomenDivest,39,160,4.784714272678987E-5,gateway,0.5334514191045202
BNWO2050,39,160,5.1501471131367494E-5,gateway,0.5744830886639797
Adopted,39,160,7.202300725091248E-6,gateway,0.07708145404581064
Adoption,39,160,1.4618789083803386E-6,gateway,0.012626630877716462
AskMenOver30,39,160,5.89277811425534E-6,gateway,0.06237782232482136
AskWomenOver40,39,160,9.959936745849139E-6,gateway,0.10804484798360285
BPDrecovery,39,160,4.094352058568392E-5,gateway,0.45593590569242753
Blackpeople,39,160,2.1274960176378832E-5,gateway,0.23509262559369934
AskOldPeopleAdvice,39,160,6.7072595078379E-6,gateway,0.07152301337058081
AskDoctorSmeeee,39,160,1.927300475421702E-5,gateway,0.21261419337288032
AskMedical,39,160,4.526729153004759E-5,gateway,0.50448423550802
ChronicIllness,39,160,6.139736588376283E-5,gateway,0.6855965515281381
ChronicPain,39,160,6.518318098835874E-5,gateway,0.7281045850673253
CougarsAndCubs,39,160,2.95944269963382E-6,gateway,0.029441633752102774
AskMen,39,160,1.0984963637569534E-5,gateway,0.11955409402124581
AskWomen,39,160,1.0177730681791024E-5,gateway,0.11049029016127555
AutismInWomen,39,160,5.5423465221588325E-5,gateway,0.6185201722830953
AnorexiaNervosa,39,160,4.9746422518407246E-5,gateway,0.5547769848946618
AnorexiaRecovery,39,160,2.705215004536104E-5,gateway,0.29996028920855
AutismTranslated,39,160,1.8877242871865644E-5,gateway,0.20817048471206873
CPTSDNextSteps,39,160,1.4670835745413769E-5,gateway,0.1609399437927235
CPTSD_NSCommunity,39,160,3.430934626938493E-5,gateway,0.3814458166229159
ACL,39,160,4.87460032784832E-6,gateway,0.050945479672666216
AchillesRupture,39,160,8.389311018527465E-6,gateway,0.09040948829225144
BeforeandAfter,39,160,1.7253297186799608E-6,gateway,0.015584719313294648
CICO,39,160,1.952136823719408E-6,gateway,0.01813136349996891
AskWomenNoCensor,39,160,2.4194233118880542E-5,gateway,0.26787091738065383
AutisticPride,39,160,3.29819903464743E-5,gateway,0.36654194822717007
BlatantMisogyny,39,160,6.575716256847095E-5,gateway,0.7345493869354001
BurbNBougie,39,160,3.845037131807197E-5,gateway,0.42794223200318887
CheatedOn,39,160,4.925392772403161E-6,gateway,0.051515789335716954
CheatersConfronted,39,160,2.7576061555087416E-6,gateway,0.027175364969803578
CPTSDFreeze,39,160,4.3657389602865776E-5,gateway,0.4864078732915004
Anxiety,39,160,2.031558428290037E-5,gateway,0.22432052459828555
AnxietyDepression,39,160,3.734709809213737E-5,gateway,0.41555441749159744
CPTSDFightMode,39,160,4.325117366567482E-5,gateway,0.4818467840134469
Anger,39,160,3.853030033222157E-6,gateway,0.03947504513034289
Anxietyhelp,39,160,2.8473806885437965E-5,gateway,0.31592299075882957
CancerCaregivers,39,160,6.0788774900123704E-5,gateway,0.678763147035464
CancerFamilySupport,39,160,2.040989479025687E-5,gateway,0.22537946543375875
BPDlovedones,39,160,5.158189478022189E-5,gateway,0.5753861045452086
BipolarSOs,39,160,5.0553492169779204E-5,gateway,0.5638389551338664
AgingParents,39,160,2.0002264887054493E-5,gateway,0.22080249980861055
Alzheimers,39,160,2.175270587791685E-5,gateway,0.24045686809976546
Codependency,39,160,4.460476117425706E-5,gateway,0.4970451868998394
AnxiousAttachment,39,160,3.381101077402822E-5,gateway,0.37585038700865014
CPTSD,39,160,3.928903711617198E-5,gateway,0.43735897130208545
BariatricSurgery,39,160,4.8427303423030595E-6,gateway,0.05058763588552333
BingeEatingDisorder,39,160,2.3630559244306686E-5,gateway,0.2615418528850156
ChildrenofDeadParents,39,160,1.3716903486023135E-5,gateway,0.1502289652171816
AvPD,39,160,8.530796935177162E-5,gateway,0.9540705012797892
BPDPartners,39,160,1.617042268406834E-5,gateway,0.17777766304791662
AskFDS,39,160,1.1731886035931177E-5,gateway,0.1279407165803303
AskMenRelationships,39,160,4.54453725022331E-6,gateway,0.047239452836675536
CaregiverSupport,39,160,5.0584713521473495E-5,gateway,0.5641895159056665
AskWomenOver30,39,160,2.56270163745041E-5,gateway,0.28395854897430844
AskIndia,39,160,5.288696323587379E-6,gateway,0.055595048124635796
AskIndianWomen,39,160,2.077489242372532E-5,gateway,0.22947774578198957
CasualConversation,39,160,3.940787600656055E-5,gateway,0.438693322663372
AvoidantBreakUps,39,160,2.1097024026207047E-5,gateway,0.2330947161262893
AsOneAfterInfidelity,39,160,5.479663169732104E-5,gateway,0.6114819362000141
BipolarReddit,39,160,3.412928523521806E-5,gateway,0.3794240484519943
Arrangedmarriage,39,160,1.398565567023926E-5,gateway,0.15324657874155057
ADHDUK,39,160,1.1288104008701726E-5,gateway,0.12295782629742741
AlAnon,39,160,2.3350384337744364E-5,gateway,0.25839598231396427
CongratsLikeImFive,39,160,4.362901393079953E-6,gateway,0.045200002178349484
Antipsychiatry,39,160,3.015421572239007E-6,gateway,0.03007017786438614
AskPsychiatry,39,160,1.962906297895868E-6,gateway,0.018252285720638542
CatholicDating,39,160,7.771899860535779E-6,gateway,0.08347704878153203
CatholicWomen,39,160,1.1606913201119397E-5,gateway,0.12653749183033727
C25K,39,160,7.901584142671439E-7,gateway,0.005084393207931784
AppleWatchFitness,39,160,2.0358142996984434E-6,gateway,0.019070914127011757
BlackMentalHealth,39,160,5.750406588907637E-5,gateway,0.6418816520468243
4bmovement,39,160,2.831953217785542E-5,gateway,0.3141907576034898
ARFID,39,160,6.963866968107114E-5,gateway,0.778131873128321
AllPillDebate,39,160,1.3575158068133193E-5,gateway,0.1486374139102049
AppleFitnessPlus,39,160,5.649961198172863E-7,gateway,0.0025562173462486226
AskDocs,39,160,8.222411527852362E-5,gateway,0.9194442533638658
ALS,39,160,1.7187294977039332E-5,gateway,0.18919534730888504
Cirrhosis,39,160,8.939850414071207E-5,gateway,1.0
ChristianDating,39,160,3.993382772588847E-6,gateway,0.04105095911121145
Aerials,39,160,8.737653091638034E-6,gateway,0.09432075604246941
AsABlackMan,39,160,3.8888148944401535E-5,gateway,0.43285770344291447
BTFC,39,160,7.825218217763834E-7,gateway,0.004998647728885997
Brogress,39,160,3.3733641800735056E-7,gateway,0.0
1200isfineIGUESSugh,39,160,5.571017567979791E-5,gateway,0.6217394255844025
AttachmentParenting,39,160,1.5380130330717313E-5,gateway,0.16890407230619595
2under2,39,160,6.169707190552053E-6,gateway,0.0654872479406963
ChloeTing,39,160,3.577686638201518E-6,gateway,0.03638342392144598
ADHD_Programmers,39,160,4.551890771885222E-6,gateway,0.04732201992904522
ADHD_partners,39,160,2.120078500387392E-5,gateway,0.23425976909291935
Athleanx,39,160,1.560387256523726E-6,gateway,0.01373270606920841
531Discussion,39,160,1.619077140800974E-6,gateway,0.014391690066139386
AskFeminists,39,160,9.645755890002795E-6,gateway,0.10451715051589663
BFS,39,160,2.944583126627454E-5,gateway,0.32683711198238025
BellsPalsy,39,160,2.993665581630823E-5,gateway,0.33234820691392086
CRPS,39,160,3.205149725160368E-5,gateway,0.35609415017260443
CoreyWayne,39,160,1.3299131421915659E-5,gateway,0.14553812099416147
Agoraphobia,39,160,2.2771487078665435E-5,gateway,0.2518959860318433
AskTeenGirls,39,160,1.2003897994810609E-5,gateway,0.13099493163089365
AskTeens,39,160,1.6103327921962467E-5,gateway,0.17702430708120873
Autistic,39,160,4.227044537267257E-6,gateway,0.04367456904866393
AgeGap,39,160,6.091691084028702E-6,gateway,0.0646112645180866
AgeGapRelationship,39,160,2.6973350688307552E-6,gateway,0.026498626855773425
Christianmarriage,39,160,8.392595979547021E-6,gateway,0.09044637261685164
Autoimmune,39,160,5.753320098899664E-5,gateway,0.6422087878868908
AddisonsDisease,39,160,5.92840543076331E-5,gateway,0.6618677858924842
ClotSurvivors,39,160,7.258574810254451E-5,gateway,0.8112223714546983
BenzoWithdrawal,39,160,2.1214298967057508E-5,gateway,0.23441150708972694
Abilify_Aripiprazole,39,160,7.332159108249847E-6,gateway,0.07853953489607433
AskParents,39,160,3.3422472991570884E-5,gateway,0.37148779226177836
AskGirls,39,160,1.0743739299180287E-5,gateway,0.11684556970523519
CollapseSupport,39,160,2.722156333081426E-5,gateway,0.3018625019212858
AbuseInterrupted,39,160,4.483791005309497E-6,gateway,0.0465573795328205
ADHDparenting,39,160,1.348040183046464E-5,gateway,0.14757346830864285
75HARD,39,160,1.2094526126693075E-6,gateway,0.009792328317290015
CBT,39,160,1.9843978266829334E-6,gateway,0.01849359772380001
BulkOrCut,39,160,7.464448144902848E-7,gateway,0.004593566499787074
CautiousBB,39,160,1.7550668963420422E-6,gateway,0.01591861542562353
AvoidantAttachment,39,160,9.936939423884247E-7,gateway,0.007369738587132249
Autism_Parenting,39,160,2.327724259298972E-5,gateway,0.25757472938606224
Contrave,39,160,4.429328205871537E-6,gateway,0.045945858251092736
Alcoholism_Medication,39,160,6.8244521160522535E-6,gateway,0.07283887988357372
AlternateDayFasting,39,160,1.697808831852251E-6,gateway,0.01527570824223619
AskReddit,39,160,5.734977301867975E-6,gateway,0.06060599722503506
AskOldPeople,39,160,1.6516137381612082E-6,gateway,0.014757018729486114
Anemic,39,160,6.68486985281076E-6,gateway,0.07127161699211819
B12_Deficiency,39,160,6.897719391201648E-6,gateway,0.07366154229664151
COCSA,39,160,2.8484296507653286E-5,gateway,0.3160407707350363
Babysitting,39,160,8.283708565180752E-6,gateway,0.08922375879816362
BALLET,39,160,1.8273726247052065E-6,gateway,0.016730481362395105
AsianParentStories,39,160,2.795921402894715E-6,gateway,0.027605577691752942
Concussion,39,160,5.4779167594874785E-6,gateway,0.057719660239415646
CholinergicUrticaria,39,160,6.827628810164407E-6,gateway,0.07287454856155519
ChildFreeCircleJ,39,160,2.2459293492296823E-6,gateway,0.021430135939434426
AWDTSGisToxic,39,160,5.702134056676778E-6,gateway,0.06023722544681792
ControversialOpinions,39,160,1.2786313826198773E-5,gateway,0.1397800829083196
CHSinfo,39,160,1.4568416204399595E-5,gateway,0.15978995279627642
BusparOnline,39,160,4.999123218482564E-6,gateway,0.05234365234228527
BPPV,39,160,2.778618220198041E-6,gateway,0.02741129343589692
AskTrollX,39,160,1.7749493491712992E-6,gateway,0.016141860340749298
CSFLeaks,39,160,7.130492959437299E-6,gateway,0.07627517935292175
Concerta,39,160,4.9132365784671685E-6,gateway,0.05137929669535722
BDDvent,39,160,1.4485974310593218E-6,gateway,0.012477503287537436
AskDID,39,160,1.1058325094544704E-6,gateway,0.00862885712255493
Akathisia,39,160,3.821382147938591E-6,gateway,0.03911969513782873
AskDad,39,160,1.5567747069874564E-6,gateway,0.013692143502731432
Aphantasia,39,160,1.1150314757571728E-6,gateway,0.008732145306821093
Celebrity_Fantasies,32,6,4.494264733406555E-6,gateway,0.5962297156346772
Celebrity_Fantasies2,32,6,6.658865710274449E-6,gateway,1.0
CelebritySisters2,32,6,2.636139940053384E-6,gateway,0.24962746227892865
CelebrityMommy,32,6,2.518610368517428E-6,gateway,0.2277042768846981
CelebNSFWTalk,32,6,2.37691240371956E-6,gateway,0.20127287998899462
AnimePossession,32,6,1.2978942354409794E-6,gateway,0.0
CelebRPpremium,33,11,1.229542391814066E-5,gateway,0.37970358681433575
Celeb_roleplaybuddyy,33,11,1.5784140782457666E-5,gateway,0.49323144177317124
AraAraRoleplay18plus,33,11,7.99498727306917E-6,gateway,0.23976120493322048
18above_Roleplay,33,11,1.1295981378587869E-5,gateway,0.34718029183715715
BollyRolePlay,33,11,3.135716483045546E-5,gateway,1.0
CelebRoleP,33,11,2.2476355627463035E-5,gateway,0.7110057197743395
CelebRoleplay,33,11,2.2228271563566154E-5,gateway,0.7029327082004417
BeastRoleplayers,33,11,7.81557091928743E-6,gateway,0.2339227392217406
AudioCandy,33,11,1.3919679687460207E-6,gateway,0.024889477869652746
ASMRScriptHaven,33,11,6.271130243855615E-7,gateway,0.0
AdvancedLiterateRP,33,11,6.366718319956136E-6,gateway,0.18677499575307807
ConservativesOnly,34,178,4.996610745588134E-5,gateway,0.10179988039760027
Conservatives_R_Us,34,178,4.87415136849331E-5,gateway,0.09927675280770969
CallOfWar,34,178,4.8590532667617056E-4,gateway,1.0
AfghanCivilwar,34,178,1.8632615653274534E-6,gateway,0.0026897750728521897
AfghanConflict,34,178,1.8288483073400735E-6,gateway,0.0026188707103232626
AskALiberal,34,178,1.2705075156997802E-5,gateway,0.025028022781242828
AskConservatives,34,178,1.3127869625839936E-5,gateway,0.025899139729978152
Conservative,34,178,6.23318647385745E-5,gateway,0.12727803005835991
Asia_irl,34,178,7.172936657376606E-5,gateway,0.14664044779959895
2Asia4u,34,178,7.218381085447467E-5,gateway,0.14757677536382954
2Caucasian4you,34,178,8.799831257025045E-5,gateway,0.1801606464777159
4caucasus6you,34,178,7.611983421887343E-5,gateway,0.15568647621383339
BotTown2,34,178,3.040821046601497E-5,gateway,0.06150319535309074
AmericanPolitics,34,178,2.9517989188608397E-5,gateway,0.059669001909175956
BidenBuzz,34,178,1.2022834214064369E-4,gateway,0.2465667304879906
BidenIsNotMyPresident,34,178,1.2254521033039573E-4,gateway,0.2513403576208288
2asians4u_irl,34,178,1.1643324866158407E-4,gateway,0.2387473986488171
AusPol,34,178,3.971960690300554E-5,gateway,0.08068820331894673
AustraliaLeftPolitics,34,178,3.432111203498162E-5,gateway,0.06956525653566646
BreitbartNews,34,178,3.672859879086382E-5,gateway,0.07452559228142068
CA2NWO,34,178,3.7241824196144674E-5,gateway,0.07558303125474992
ConservativeNewsWeb,34,178,3.993883170785653E-5,gateway,0.08113988955697128
Conservative_News,34,178,3.317365557417756E-5,gateway,0.06720106105865446
AARP_Politics,34,178,3.592053959327847E-5,gateway,0.0728606838815407
AskThe_Donald,34,178,1.220538349799054E-4,gateway,0.25032793804690406
Anarcho_Capitalism,34,178,1.640803361692565E-4,gateway,0.3369184688604912
Anarchy4Everyone,34,178,9.240371283717388E-5,gateway,0.18923744175602175
AnarchismZ,34,178,1.2716011585012983E-4,gateway,0.26084881317385933
CapitalismSux,34,178,4.8595796166906245E-5,gateway,0.09897651945785423
ABoringDystopia,34,178,1.1691158557213536E-4,gateway,0.2397329540916971
AusNews,34,178,4.311399988397241E-5,gateway,0.0876819401681687
AustralianPolitics,34,178,2.1470205366525736E-5,gateway,0.04308751514949035
Bad_Cop_No_Donut,34,178,1.0775917337125257E-5,gateway,0.021053226047788528
2020PoliceBrutality,34,178,8.91703635706733E-6,gateway,0.017223226256531048
CommunismMemes,34,178,2.443491567351888E-4,gateway,0.5023026808192496
Ask_Politics,34,178,5.5892603705768515E-6,gateway,0.010366745680129104
Askpolitics,34,178,1.103744158817071E-5,gateway,0.021592065186850373
CHICAGOSUNauto,34,178,2.2748076846714884E-5,gateway,0.04572041502575129
CHICAGOTRIBauto,34,178,2.596477049381197E-5,gateway,0.05234802385552003
ALJAZEERAauto,34,178,6.065469786218417E-6,gateway,0.011347917676652091
ARABIYAauto,34,178,4.312082182173642E-6,gateway,0.007735274247875027
AskLE,34,178,9.282464828519298E-6,gateway,0.017976147494843445
AskLEO,34,178,4.629219994683331E-6,gateway,0.008388698414748859
ConservativeMemes,34,178,2.190802864251306E-4,gateway,0.4502392248739317
Astuff,34,178,3.7264209596242734E-5,gateway,0.07562915366851528
Africa,34,178,8.495467601732585E-7,gateway,6.011381274065516E-4
AfricaVoice,34,178,1.806409638706589E-6,gateway,0.0025726385431730754
Blackfellas,34,178,2.3731037415972485E-5,gateway,0.04774568658184286
AdviceAnimals,34,178,2.9573814563262383E-4,gateway,0.6081834869932822
Anarchism,34,178,4.476528801952623E-5,gateway,0.09108421997108539
BryanKohberger,34,178,8.000280682834388E-6,gateway,0.015334361892102044
BryanKohbergerMoscow,34,178,1.4850625535549852E-5,gateway,0.029448670251491667
AmIFreeToGo,34,178,8.320796919549865E-6,gateway,0.01599474689409214
2MiddleEast4you,34,178,8.100553041237056E-5,gateway,0.16575286325097352
2mediterranean4u,34,178,5.4527159625426716E-5,gateway,0.11119737762559863
CBSauto,34,178,3.5737299033497895E-5,gateway,0.07248313883522599
APauto,34,178,2.3032213237013224E-5,gateway,0.04630584374722725
AntifascistsofReddit,34,178,6.284458426815908E-5,gateway,0.1283344267359037
2islamist4you,34,178,8.243631356959181E-5,gateway,0.1687008191729935
2easterneuropean4u,34,178,4.618137738336043E-5,gateway,0.09400190110617233
2visegrad4you,34,178,4.726516745349888E-5,gateway,0.09623491967321787
ABCauto,34,178,1.8553779049767005E-5,gateway,0.03707857089526721
California,34,178,1.299306565596269E-5,gateway,0.02562139242822544
California_Politics,34,178,7.784974563759107E-6,gateway,0.014890749632919595
ANI_COMMUNISM,34,178,1.3478794463010085E-4,gateway,0.27656503328071436
Corruption,34,178,2.6440724654074825E-5,gateway,0.05332866992915841
Capitalism,34,178,1.600222113715615E-5,gateway,0.03182139392830701
CapitalismVSocialism,34,178,5.2371769376462956E-6,gateway,0.00964132028221728
ActualFreakouts,34,178,2.155774361542935E-5,gateway,0.04326787714072308
ActualPublicFreakouts,34,178,1.3385251819581785E-5,gateway,0.026429444660137778
AgeOfCivilizations,34,178,2.419728833085763E-4,gateway,0.4974066563693071
2balkan4you,34,178,4.562558979168461E-5,gateway,0.0928567678873497
CoincidenceTheorist,34,178,7.144220954604559E-5,gateway,0.14604879541947013
AHomeForPlagueRats,34,178,2.6631267525505434E-4,gateway,0.5475558585368157
BreakingPointsNews,34,178,3.8530732670114606E-5,gateway,0.07823867152393005
CNNauto,34,178,2.856104978454972E-5,gateway,0.05769734382180525
AnythingGoesNews,34,178,1.479970622038373E-5,gateway,0.029343757151325815
BashTheFash,34,178,4.9048501653171255E-5,gateway,0.0999092644461009
BDS,34,178,4.245267744233971E-6,gateway,0.007597611166641096
2ndYomKippurWar,34,178,4.1127137590744305E-6,gateway,0.007324499686703543
AdviceAtheists,34,178,4.517973775689276E-5,gateway,0.0919381436082787
AskMiddleEast,34,178,9.060648751006047E-6,gateway,0.017519122252406014
ChristiansAwake2NWO,34,178,3.672329606487414E-5,gateway,0.07451466665484671
Australia_,34,178,3.4142911346633344E-5,gateway,0.0691980955358511
BreakingPoints,34,178,3.369232533348271E-5,gateway,0.06826971746602079
AskSocialists,34,178,6.269001042826527E-6,gateway,0.011767269253587986
CSMauto,34,178,1.888798224608419E-5,gateway,0.03776715622475534
AmericanFascism2020,34,178,4.441727518850083E-5,gateway,0.09036718155685584
CovIdiots,34,178,1.0178172654537918E-4,gateway,0.20855970656488368
Britain,34,178,4.151935890613671E-6,gateway,0.007405312152493193
BlackLivesMatter,34,178,2.4118356039253542E-5,gateway,0.048543709834665834
BadChoicesGoodStories,34,178,7.26931709023493E-5,gateway,0.14862625023498233
ABC_NEWS_TOP_STORIES,34,178,2.5988370747238722E-5,gateway,0.052396649327870214
ABCaus,34,178,1.4639813570279266E-5,gateway,0.029014317653534717
AliensAndUFOs,34,178,4.9237329455601265E-5,gateway,0.10029832133121036
AliensRHere,34,178,1.834147868043277E-5,gateway,0.036641151620468534
CommunismWorldwide,34,178,3.5729400349437876E-5,gateway,0.07246686455052158
ConservativeSocialist,34,178,3.167443692308589E-5,gateway,0.06411210206540494
CorruptioNNews,34,178,2.91537496575625E-5,gateway,0.05891853033900042
Afghan,34,178,3.427054235823539E-6,gateway,0.005911781035484258
AmericaBad,34,178,1.880945164578089E-5,gateway,0.0376053534057499
2american4you,34,178,7.996363868975606E-5,gateway,0.16360617116958914
BidenWatch,34,178,1.3555158405151485E-5,gateway,0.026779516662727713
BestOfLiveleak,34,178,1.4700596041598583E-5,gateway,0.029139552595934225
ConservativeKiwi,34,178,7.306872746860934E-5,gateway,0.14940003918963426
ChurchOfCurrentThing,34,178,1.8016340011436683E-4,gateway,0.37005568001783684
BreakingNews24hr,34,178,2.4457194373797483E-5,gateway,0.04924184530675662
Allnews,34,178,1.7214854188897395E-5,gateway,0.03431987790058164
BusinessAdviceTeam,34,178,2.8864836142539734E-6,gateway,0.004798000546048703
BusinessHub,34,178,1.2041341030689959E-5,gateway,0.02366047876283543
BreadTube,34,178,5.6785384250795556E-5,gateway,0.11585017677549667
AngryObservation,34,178,2.9411632228260074E-5,gateway,0.05944986623545457
ANormalDayInAmerica,34,178,4.258628252690872E-5,gateway,0.08659464227815859
ACAB,34,178,8.29595368356566E-5,gateway,0.1697788575311819
AntiMSM,34,178,2.651034563675076E-5,gateway,0.053472115556918644
AnarchistNews,34,178,3.265708666958745E-5,gateway,0.06613673320874092
CosmicDisclosure,34,178,1.949914455115642E-5,gateway,0.03902638235378816
ByzantineMemes,34,178,1.234263095061299E-4,gateway,0.25315575607578195
AlternateHistory,34,178,2.0090716671069034E-6,gateway,0.0029901991803499826
AlternateHistoryMemes,34,178,5.680605292805728E-5,gateway,0.11589276208915968
BostInno,34,178,5.097301126194487E-6,gateway,0.009353123063347622
BostonRSS,34,178,1.9229058089386025E-5,gateway,0.038469901813452625
CapitolConsequences,34,178,1.2431093294627173E-5,gateway,0.02446351623835747
2westerneurope4u,34,178,4.351178609566985E-5,gateway,0.08850153062291573
AOC,34,178,2.696485057039667E-5,gateway,0.054408568089202386
CertifiedNews,34,178,2.7536275126179863E-5,gateway,0.05558591938433524
ANSAauto,34,178,1.0889459356824118E-6,gateway,0.0010943912200271977
AnCap101,34,178,4.9238246034403425E-6,gateway,0.008995695636274942
Anarchy101,34,178,3.7425307940574698E-6,gateway,0.006561782388526737
BalticStates,34,178,1.1911824734136819E-5,gateway,0.023393626073456946
BrutalBeatdowns,34,178,1.4096691738755516E-5,gateway,0.027895280704058525
Communalists,34,178,6.478909859577072E-6,gateway,0.012199761023078596
AskCaucasus,34,178,8.167972376488656E-6,gateway,0.015679870377358292
AskCentralAsia,34,178,4.058518003350883E-6,gateway,0.007212835876413892
AntiHateCommunities,34,178,4.918489974065444E-5,gateway,0.10019029623468385
BrexitMemes,34,178,2.1808038228577803E-5,gateway,0.04378357896692691
BritishPolitics,34,178,7.777662221108142E-6,gateway,0.014875683433885203
ANormalDayInRussia,34,178,8.015644239680057E-6,gateway,0.015366016645764676
BlueMidterm2018,34,178,1.4797167904356738E-5,gateway,0.029338527257665153
AskBalkans,34,178,2.0282368114448517E-5,gateway,0.040640119928220274
AlJazeera,34,178,8.780177361186956E-6,gateway,0.016941244821852424
AbolishTheMonarchy,34,178,4.0431812286775704E-5,gateway,0.08215561651023516
CNNmemes,34,178,2.6894250671865603E-5,gateway,0.0542631055235311
ActiveMeasures,34,178,5.559609010915786E-6,gateway,0.010305652634081132
BasicIncome,34,178,8.382606597552366E-6,gateway,0.016122098271822573
AshaDegree,34,178,6.608649731488138E-6,gateway,0.012467074362484365
BlockedAndReported,34,178,4.757445537396104E-6,gateway,0.008652891661703535
CourtTVCases,34,178,3.5451581059843123E-6,gateway,0.006155119798382551
C_S_T,34,178,2.544988623918951E-5,gateway,0.05128716702343586
CCTVCamerasUK,34,178,1.7654276700097894E-5,gateway,0.03522525492268625
BreakingInformation,34,178,9.013654688147043E-6,gateway,0.01742229666062729
AskAstrophotography,34,178,1.2842228414219597E-6,gateway,0.0014967357037480266
Astronomy,34,178,2.9752731206067797E-6,gateway,0.004980940602160582
2024elections,34,178,4.572310564425194E-6,gateway,0.008271443405768963
Casefile,34,178,2.1983117640194907E-6,gateway,0.003380105548454394
AskLevant,34,178,5.778431892660025E-6,gateway,0.010756510758078224
AskARussian,34,178,3.6280680043498987E-6,gateway,0.006325945632225597
AirlinerAbduction2014,34,178,1.4766990407512445E-5,gateway,0.029276350169484548
BannedFromThe_Donald,34,178,1.2077437386519308E-5,gateway,0.023734850945226177
ColoradoPolitics,34,178,2.717304388337644E-6,gateway,0.004449427180192621
BoomersBeingFools,34,178,1.4257818206389366E-5,gateway,0.028227262333879958
2nordic4you,34,178,5.270403226053288E-6,gateway,0.009709779037257678
AskEconomics,34,178,2.9076943349673312E-6,gateway,0.004841702674789646
AndrewGosden,34,178,3.925310925655279E-6,gateway,0.006938378778169612
CountryHumans,34,178,9.57486790528562E-6,gateway,0.0185786087255475
BestOfOutrageCulture,34,178,4.790024415627128E-6,gateway,0.008720016506254012
Albertapolitics,34,178,4.097454325701157E-6,gateway,0.0072930594668824105
Cosmos,34,178,4.342724500453054E-6,gateway,0.0077984090444934385
AmazighPeople,34,178,3.0975365548991664E-6,gateway,0.005232849644666183
CapeIndependence,34,178,2.5274443672638413E-6,gateway,0.004058243533212627
Blackout2015,34,178,1.3248405391763878E-6,gateway,0.00158042356520324
AmerExit,34,178,1.4313819173153414E-6,gateway,0.0017999392095129473
AxisAllies,34,178,4.291103368970994E-6,gateway,0.007692049936556038
CoronavirusRecession,34,178,1.0252616439147484E-5,gateway,0.01997502773841787
CivPolitics,34,178,2.2059996693415784E-6,gateway,0.0033959455490217704
AskModerators,34,178,5.577858483386407E-7,gateway,0.0
AmericanFlaginPlace,34,178,1.6967220117156572E-6,gateway,0.002346640433027419
AttorneyTom,34,178,1.1835401070570245E-6,gateway,0.0012892910874773723
ConflictofNations,35,261,4.130164143516924E-4,gateway,0.5854158179203637
CallOfDutyMobile,35,261,5.220106659418226E-4,gateway,0.7402451847242265
CODMobile,35,261,4.6126647153368194E-4,gateway,0.6539563665525092
BO6Zombies,35,261,1.823286840278471E-4,gateway,0.2577174788393734
BlackOps6Zombies,35,261,2.371033570428309E-4,gateway,0.3355264257890723
BG3,35,261,4.483448623782386E-4,gateway,0.6356008612443241
CivVI,35,261,3.0360160127867444E-4,gateway,0.42998903182926657
Civilization6,35,261,1.927306000679593E-4,gateway,0.2724936899747445
CODM,35,261,3.2282007683404133E-4,gateway,0.45728941104892096
BladeAndSorcery,35,261,3.6087472612809815E-4,gateway,0.511347099121302
BASNomad,35,261,4.6540727867679506E-4,gateway,0.6598384983041544
CoDBlackout,35,261,1.8336267909190504E-5,gateway,0.024761689172880342
BlackoutBattleRoyale,35,261,8.038315371061278E-5,gateway,0.1129010167120193
Civcraft,35,261,1.8102689951363392E-4,gateway,0.25586825771889965
CivilizatonExperiment,35,261,1.9923099429846534E-4,gateway,0.281727680832074
Battlefield,35,261,1.6375396044714357E-4,gateway,0.23133156721008954
BattlefieldV,35,261,2.573489652732918E-4,gateway,0.3642858755504136
BO6,35,261,2.246453146668313E-4,gateway,0.31782942998836555
COD,35,261,1.485225453410725E-4,gateway,0.20969491828599782
AUniversalTime,35,261,5.247437492419696E-4,gateway,0.7441276055914781
CodAW,35,261,1.6429355160563693E-4,gateway,0.23209807146314554
CODGhosts,35,261,1.617713390970275E-4,gateway,0.22851519842208562
ClashQuest,35,261,3.5267235991023193E-4,gateway,0.4996954097039436
Archero,35,261,3.047134773472865E-4,gateway,0.4315684827191625
ColdWarCallofDuty,35,261,2.2778834297797567E-4,gateway,0.3222941891491612
Blackops4,35,261,2.0554595201962723E-4,gateway,0.29069825396869614
ChumbaCasino,35,261,1.6342521459488784E-4,gateway,0.23086457458064744
CODVanguard,35,261,1.1970221275384231E-4,gateway,0.16875483401129962
Asphalt8,35,261,2.491266563139663E-4,gateway,0.35260585691396856
Asphalt9,35,261,5.461041613648664E-4,gateway,0.7744706652979144
BlackCloverMobile,35,261,1.7317519213392698E-4,gateway,0.2447146889371188
7DSGrandCross,35,261,1.6602799970848387E-4,gateway,0.23456190324876855
BlackhawkRescue,35,261,3.2329306712209455E-4,gateway,0.45796130691255826
ApocalypseRising,35,261,3.5251952690761913E-4,gateway,0.4994783061716375
CookieRunTOA,35,261,3.651197455267884E-4,gateway,0.5173772672813708
CookierunKingdom,35,261,2.602685983943201E-4,gateway,0.3684332956283852
ClashRoyale,35,261,3.2802392668245754E-4,gateway,0.464681624539248
BobsTavern,35,261,2.4544987657849606E-4,gateway,0.347382889004974
AdventureCapitalist,35,261,1.3746369318078756E-4,gateway,0.193985511114753
AdventureCommunist,35,261,2.0253152701793533E-4,gateway,0.2864161793869578
Bannerlord,35,261,2.823948404206073E-4,gateway,0.3998642380193808
BattleBrothers,35,261,4.036321164309357E-4,gateway,0.5720851616355406
CODWarzone,35,261,2.1931727184711254E-4,gateway,0.3102607969270269
ArcaneOdyssey,35,261,7.048686228808359E-4,gateway,1.0
Calamitymod_,35,261,3.1375309271871693E-4,gateway,0.4444095078529667
Cod4Remastered,35,261,1.0177725701069593E-4,gateway,0.14329193567299925
BlackTemplars,35,261,4.3200091557439506E-5,gateway,0.06008144242241689
BloodAngels,35,261,1.4987524611971705E-4,gateway,0.21161646737668025
ClashMini,35,261,3.0257854915797947E-4,gateway,0.42853575782863207
ArkSurvivalAscended,35,261,2.1730685960188214E-4,gateway,0.30740495039931937
ARKone,35,261,2.812930477413816E-4,gateway,0.39829911086464664
BattleBitRemastered,35,261,2.0903703973979465E-4,gateway,0.2956574412036605
ApexLegendsMobile,35,261,2.340392150338866E-4,gateway,0.3311737268153136
CastleClash,35,261,2.1400483010407034E-4,gateway,0.3027143256291579
ArmaReforger,35,261,2.6164838480903247E-4,gateway,0.3703933206186741
ColdWarZombies,35,261,2.229295393650417E-4,gateway,0.31539212343615614
BlackDesertMobile,35,261,3.192787069787165E-4,gateway,0.45225879664202423
ArenaBreakoutGlobal,35,261,3.5528675835442045E-4,gateway,0.5034092354312755
2b2t,35,261,3.7867019097422906E-4,gateway,0.5366260520377175
ARKSurvivalEvolved,35,261,1.5284001823511522E-4,gateway,0.21582800865200394
BG3Builds,35,261,7.785500956711414E-6,gateway,0.009774031175186592
3d6,35,261,4.45356556929734E-6,gateway,0.005040924256808343
Borderlands2,35,261,6.740902267561895E-4,gateway,0.9562784319934816
BorderlandsPreSequel,35,261,3.628978350794181E-4,gateway,0.5142209816732555
Chaos40k,35,261,6.410363081182903E-5,gateway,0.08977550150809713
ArenaBreakoutInfinite,35,261,2.3374156920513315E-4,gateway,0.33075091263451617
ArteryGear,35,261,1.2826213057413527E-4,gateway,0.18091443542764693
CompanyOfHeroes,35,261,2.2700507289090649E-4,gateway,0.3211815321984683
9b9t,35,261,2.827240034572363E-4,gateway,0.400331823270832
ConquerorsBlade,35,261,4.3397601738272436E-4,gateway,0.6151895171605617
AFKJourney,35,261,3.921041397024018E-4,gateway,0.5557093499631918
Breath_of_the_Wild,35,261,6.103536389751618E-4,gateway,0.8657388357817036
BeybladeMetal,35,261,1.8660161712896322E-4,gateway,0.26378729919034855
AgeofCalamity,35,261,3.956727176207857E-4,gateway,0.560778614180642
Back4Blood,35,261,3.273799875088233E-4,gateway,0.4637668910275311
AliensFireteamElite,35,261,2.569776621512019E-4,gateway,0.36375842913515066
7daystodie,35,261,3.9485245889184917E-4,gateway,0.5596134138350848
AbioticFactor,35,261,3.506707343617008E-4,gateway,0.49685204492335944
CallofDutyVanguardCoD,35,261,8.852906817288511E-5,gateway,0.12447251483996517
BleachImmortalSoul,35,261,1.8951337802162625E-4,gateway,0.2679235365489075
BloonsTDBattles,35,261,3.0917925948251867E-4,gateway,0.43791225048851345
BeybladeBurst,35,261,8.977826053727863E-5,gateway,0.12624702734841
40k,35,261,2.2122522952992138E-4,gateway,0.3129711038983407
AQW,35,261,6.268208104465568E-4,gateway,0.8891309110037474
CallOfDutyWorldWarTwo,35,261,1.0090862569946108E-4,gateway,0.14205802072847312
ApexConsole,35,261,2.014769569593111E-4,gateway,0.28491813327860793
BeybladeX,35,261,3.836232085106264E-4,gateway,0.5436619512502066
BTD5,35,261,2.2837999808195643E-4,gateway,0.32313465168529654
BreakPoint,35,261,3.3552008622447847E-4,gateway,0.47533012772560257
Connery,35,261,4.7529475274100307E-4,gateway,0.6738839303000338
Briggs,35,261,4.1554083935591306E-4,gateway,0.5890018338729951
AliensDarkDescent,35,261,1.5605543984704764E-4,gateway,0.22039560451068346
CoreKeeperGame,35,261,1.8245658980865222E-4,gateway,0.2578991725595806
Craftopia_,35,261,1.3651004924863792E-4,gateway,0.19263083337701034
CODZombies,35,261,3.893605151484463E-4,gateway,0.5518119549516284
ContestOfChampions,35,261,5.556689991238087E-4,gateway,0.7880577834458297
CallOfDutyBlackOps4,35,261,6.285626114083371E-5,gateway,0.08800357818633511
BnHAOnesJustice,35,261,2.9447470732174065E-4,gateway,0.41702402503650443
AnimeBattleArena,35,261,3.5742172111421307E-4,gateway,0.5064420094301425
BF_Hardline,35,261,1.4116835409826417E-4,gateway,0.1992480850184933
AdeptusCustodes,35,261,1.2798128621849998E-4,gateway,0.1805154882068617
BoomBeach,35,261,3.462936290133189E-4,gateway,0.49063424499688013
BGMI,35,261,2.2479693250038242E-4,gateway,0.3180448073392113
AngryBirds2,35,261,2.719654031312946E-4,gateway,0.38504893218382885
BattlefrontTWO,35,261,3.4071959716341834E-4,gateway,0.482716177674302
BloodHunt,35,261,2.1855780282233956E-4,gateway,0.30918195004751503
AlienInvasionRPG,35,261,2.409675058698119E-4,gateway,0.3410155567055099
ChaosKnights,35,261,5.7633545784463985E-5,gateway,0.08058456571708705
Arrasio,35,261,3.5985426626817906E-4,gateway,0.5098975074992211
4b4t,35,261,2.3021544435759318E-4,gateway,0.325741954185322
ConanExiles,35,261,2.1697708858177726E-4,gateway,0.3069365014904255
AQ3D,35,261,3.5104240296966944E-4,gateway,0.4973800105214815
CollegeUltimateTeam,35,261,7.28387932149236E-5,gateway,0.10218404272993997
2kmyteam,35,261,1.4347606212865776E-4,gateway,0.20252624848033943
CookieClicker,35,261,3.654104383565652E-4,gateway,0.5177902045336767
BoardKings,35,261,2.1162851437674042E-4,gateway,0.2993387030250217
8BallPool,35,261,2.65010148433781E-4,gateway,0.3751687993780622
CaptainTsubasaDT,35,261,2.0330012287798853E-4,gateway,0.28750799118991055
CaptainTsubasaRoNC,35,261,1.2682757496478085E-4,gateway,0.17887660927258953
Battalion1944,35,261,1.418081174417042E-4,gateway,0.20015688664724005
BattlelandsRoyale,35,261,3.247308748496826E-4,gateway,0.46000375279204647
BitHeroes,35,261,8.86669805249829E-5,gateway,0.12466842317309479
AlmostAHero,35,261,1.476719044754959E-4,gateway,0.20848655927005644
AtlasEarthOfficial,35,261,4.1651036643145027E-4,gateway,0.590379074057818
AlchemistCodeGL,35,261,2.212151744109907E-4,gateway,0.3129568203221478
CounterSideGlobal,35,261,2.564475942227683E-4,gateway,0.3630054528953483
AlicizationLycoris,35,261,1.9451753632730194E-4,gateway,0.2750320826469865
ACRebellion,35,261,1.651493975429337E-4,gateway,0.23331382442828005
Bretonnian,35,261,1.8711062163704456E-5,gateway,0.025294094838881315
ArtOfWarLegions,35,261,1.5655169288518025E-4,gateway,0.22110054575802096
2007scape,35,261,3.6082020357361373E-4,gateway,0.5112696483157394
ACValhalla,35,261,2.905360487001786E-4,gateway,0.4114290508838653
7kglobal,35,261,1.7182753783675231E-4,gateway,0.24280030851376672
BubbleGumSimulator,35,261,8.826465086231135E-5,gateway,0.12409690269372035
BeamNG,35,261,2.521058610672639E-4,gateway,0.35683790015297084
Battletechgame,35,261,2.2478270624769602E-4,gateway,0.3180245985514698
ArmoredCoreVI,35,261,3.897156605450346E-4,gateway,0.5523164488682786
ADCMains,35,261,2.8481011026998248E-5,gateway,0.03917257901709531
ARAM,35,261,6.443329352473467E-5,gateway,0.09024379656360118
AdeptusMechanicus,35,261,2.4396768231309835E-4,gateway,0.34527739081361225
3on3,35,261,3.3707413157859625E-4,gateway,0.4775376923875203
AdventureQuest,35,261,1.2761477826770382E-4,gateway,0.179994853465832
Astroneer,35,261,2.670346769403852E-4,gateway,0.3780446984477915
AnimeAdventuresRBLX,35,261,3.266224956927719E-4,gateway,0.4626908528280178
BattleBreakers,35,261,1.1185858939148638E-4,gateway,0.1576127488010781
BlackwakeGame,35,261,1.3345410946267653E-4,gateway,0.1882897858891997
ContractorsVR,35,261,7.739901832964547E-5,gateway,0.10866196937923306
AutoChess,35,261,1.425717763439156E-4,gateway,0.2012416853642233
Cityofheroes,35,261,4.596656317724183E-4,gateway,0.6516823291333345
Awesomenauts,35,261,4.074819806102819E-4,gateway,0.5775540008125878
CellToSingularity,35,261,3.4491022622035503E-4,gateway,0.48866908284067073
ArmoredWarfare,35,261,1.1569168935273829E-4,gateway,0.16305777393991105
BFGArmada,35,261,3.991064472294311E-5,gateway,0.055408691675567716
AOWPlanetFall,35,261,8.240458615021085E-5,gateway,0.11577251773242814
BattleRite,35,261,2.0844196010212456E-4,gateway,0.29481211402214264
Battleborn,35,261,2.2213223760177714E-4,gateway,0.3142595340990407
ClickerHeroes,35,261,1.4652321187220017E-4,gateway,0.20685480946833879
Beatstar,35,261,1.886067144882114E-4,gateway,0.26663559577464846
BlackMythWukong,35,261,2.672368214336353E-4,gateway,0.3783318503244841
AOW4,35,261,1.8456003261643427E-4,gateway,0.2608871715896737
Bedwars,35,261,2.095016960489843E-4,gateway,0.29631749841845556
AatroxMains,35,261,2.657389945771671E-4,gateway,0.3762041456025793
CasualMTG,35,261,8.277793955727203E-6,gateway,0.010473347076783107
BudgetBrews,35,261,1.1243325189192596E-6,gateway,3.116560833736988E-4
Advance_Wars,35,261,3.4961708370185695E-4,gateway,0.49535530484655643
BLOOKET,35,261,3.275566205062704E-4,gateway,0.4640178031146588
APB,35,261,2.1842904469690651E-4,gateway,0.30899904554805
40kinquisitor,35,261,1.0352469137994141E-4,gateway,0.14577421481134314
ArcheageUnchained,35,261,7.993312993430077E-5,gateway,0.11226174541728083
Bloxburg,35,261,3.0833943361533676E-4,gateway,0.43671925447868487
BloodlineGame,35,261,1.3449636172881127E-4,gateway,0.18977033423061468
Animash,35,261,3.3026001944400654E-4,gateway,0.4678580565192322
AxieInfinity,35,261,1.7420620984344223E-4,gateway,0.2461792782782898
ConcordGame,35,261,9.448753018199416E-5,gateway,0.13293667589925143
Agario,35,261,2.542362634704674E-4,gateway,0.35986419603842557
AshesofCreation,35,261,1.317185609697298E-4,gateway,0.18582439096882508
Blacklight,35,261,1.3855420409242134E-4,gateway,0.19553461220474344
AoTWingsOfFreedom,35,261,1.530310973033107E-4,gateway,0.21609944178454593
AnthemTheGame,35,261,2.149419331416585E-4,gateway,0.30404550656597795
BattleForTheGrid,35,261,1.1790970493088439E-4,gateway,0.16620852677793102
AniviaMains,35,261,1.6365596801410686E-5,gateway,0.021962296036592725
AnnieMains,35,261,8.690501645084225E-6,gateway,0.01105960983179999
ClashOfClansLeaks,35,261,2.7151711250324778E-5,gateway,0.03728427170077161
ApexUncovered,35,261,5.048353058074969E-5,gateway,0.0704277701936677
Battlefield_4_CTE,35,261,2.6076507322125565E-5,gateway,0.035756914606618354
Banished,35,261,2.3368916447937958E-4,gateway,0.3306764702635876
CamelotUnchained,35,261,6.143382010422687E-5,gateway,0.08598296111891528
AsheMains,35,261,1.8975663406943753E-5,gateway,0.025669968266594866
CookieCollector,35,261,3.5804279695788955E-5,gateway,0.04957548590788503
40k_Crusade,35,261,2.766134672537536E-5,gateway,0.038008223072075055
40krpg,35,261,7.738722289199743E-5,gateway,0.1086452136318833
AlternativeAmazonVGF,35,261,3.799280220564565E-5,gateway,0.052684343021848615
Battlefield6,35,261,3.270878595900076E-5,gateway,0.04517825093246143
ApexVideos,35,261,1.930125793844009E-4,gateway,0.27289424943893176
Bloodstained,35,261,1.5405791712288144E-4,gateway,0.21755806790625773
Bless,35,261,1.1417095964685002E-4,gateway,0.16089753508320584
AEWFightForever,35,261,1.6447480717240897E-4,gateway,0.2323555500386077
ClashOfClans,35,261,1.4451292409098124E-4,gateway,0.20399913974522235
CrazyHand,35,261,9.049379540376572E-7,gateway,0.0
AgentAcademy,35,261,2.9370889117032893E-6,gateway,0.0028867269735326556
ConsoleKSP,35,261,4.525866070177573E-6,gateway,0.005143629129841319
AnaMains,35,261,5.848864546799713E-5,gateway,0.08179925860798819
BloodOnTheClocktower,35,261,1.1898142834798508E-4,gateway,0.16773093970923464
Artifact,35,261,4.063598695304509E-5,gateway,0.05643906049377941
AbyssRium,35,261,1.6161715137931975E-4,gateway,0.2282961704792965
AtlasReactor,35,261,9.29412348493224E-5,gateway,0.1307401203584176
Civvie11,35,261,1.325710526090264E-4,gateway,0.18703537906032763
3kliksphilip,35,261,1.098259091100594E-4,gateway,0.15472526990841567
ApheliosMains,35,261,4.870345942642983E-5,gateway,0.0678991295941104
Aurelion_Sol_mains,35,261,5.158880833842996E-5,gateway,0.07199784799930792
Burnout,35,261,8.51422961974255E-5,gateway,0.11966151102261374
BattlefieldCosmetics,35,261,6.638758466574014E-5,gateway,0.09301992150136511
ArenaFPS,35,261,5.192277270828895E-5,gateway,0.07247225367819421
AsheronsCall,35,261,1.0361255445421957E-4,gateway,0.1458990267528672
BattleCatsCheats,35,261,2.1238186933214366E-5,gateway,0.02888394588321849
Besiege,35,261,5.8921267813304615E-5,gateway,0.08241381068584497
Cloud9,35,261,3.7649548002378052E-6,gateway,0.004062733500944083
CLG,35,261,1.1113817268003177E-6,gateway,2.932591228539403E-4
2XKO,35,261,3.40801716084771E-5,gateway,0.047126342402007824
COTWTheAngler,35,261,3.0910368974682344E-5,gateway,0.042623549570976534
BloodhoundMains,35,261,1.1487437826735827E-4,gateway,0.1618967608040346
BadRocketLeagueGoals,35,261,1.2018937280104963E-4,gateway,0.16944685841204407
AgeofZ,35,261,3.895978376069351E-5,gateway,0.05405796722399536
100thieves,35,261,1.6519737160743924E-5,gateway,0.022181256705493233
AllThingsTerran,35,261,7.444519024206732E-5,gateway,0.10446597439991065
ArenaHS,35,261,9.015346964533984E-6,gateway,0.011521061645871248
Battlegrounds,35,261,2.5093551326963658E-5,gateway,0.03436059826785136
CharacterActionGames,35,261,7.372895798880651E-5,gateway,0.1034485465572581
ChoGathMains,35,261,4.0704758278622044E-5,gateway,0.05653675207510595
BrigitteMains,35,261,1.075816373379393E-4,gateway,0.15153721941636017
AshMains,35,261,9.059043491114487E-5,gateway,0.12740074364266843
BDSP,35,261,2.3612049065209036E-5,gateway,0.03225608308691745
501st,35,261,2.4504702290982927E-5,gateway,0.03352412182938001
BTSWorld,35,261,1.870642158750715E-5,gateway,0.025287502771283697
Cosmoteer,35,261,1.4326169122214864E-5,gateway,0.019065232277674687
BoosteroidCommunity,35,261,3.064180089511087E-5,gateway,0.04224204114188846
AkshanMains,35,261,8.58981468949442E-6,gateway,0.010916581210088807
BethesdaSoftworks,35,261,4.221706782058635E-5,gateway,0.05868502985469278
Astrobot,35,261,6.050527509328799E-5,gateway,0.08466393709705053
Borderlands,35,261,1.1584767586124662E-5,gateway,0.01517099512483737
Chaotic,35,261,8.047600108533627E-5,gateway,0.11303290899099834
BlueProtocolPC,35,261,1.2822954691246636E-5,gateway,0.016929874356300462
ClearBackblast,35,261,3.571718634792863E-5,gateway,0.04945176738415268
BadMtgCombos,35,261,2.52990230088418E-6,gateway,0.0023083070641854134
BOTW2,35,261,3.697508033418512E-5,gateway,0.05123864078854896
AdventurersLeague,35,261,1.4571526768046453E-5,gateway,0.019413769639878398
BelVethMains,35,261,1.3693614593995819E-5,gateway,0.018166670971511825
CDProjektRed,35,261,6.840935324295865E-6,gateway,0.00843224941479114
BattlefieldPortal,35,261,7.203153384775224E-6,gateway,0.008946790247273179
Arugal,35,261,2.6348593345983148E-5,gateway,0.03614342037344051
Caitlynmains,35,261,1.4775678974685494E-5,gateway,0.01970377352929816
CamilleMains,35,261,9.45672685639647E-6,gateway,0.012148054062260431
CharlieINTEL,35,261,7.156343396881745E-6,gateway,0.008880295357130733
AM2R,35,261,4.978897982054358E-6,gateway,0.005787173564841391
CallOfDuty,35,261,3.3716851000152385E-6,gateway,0.0035040829502932195
CPUCS,35,261,2.1327740888349444E-5,gateway,0.02901115976804323
BladeMains,35,261,8.64196587875958E-6,gateway,0.01099066342538175
CQB,35,261,2.2971375312281465E-6,gateway,0.0019776582329460043
BriarMains,35,261,1.1884871355183617E-6,gateway,4.0278950115188027E-4
AskGameMasters,35,261,1.3436255651609244E-6,gateway,6.231679566949313E-4
Apexrollouts,35,261,1.322088453838075E-6,gateway,5.925738908588664E-4
Austria,36,25,0.0,gateway,0.0
600euro,36,25,0.0,gateway,0.0
CapitolVersicherungAG,36,25,0.0,gateway,0.0
Azubis,36,25,0.0,gateway,0.0
Beichtstuhl,36,25,0.0,gateway,0.0
Augenbleiche,36,25,0.0,gateway,0.0
BUENZLI,36,25,0.0,gateway,0.0
Canbau,36,25,0.0,gateway,0.0
Angelfreunde,36,25,0.0,gateway,0.0
AustriansNSFW,36,25,0.0,gateway,0.0
ActualGermanFemboys,36,25,0.0,gateway,0.0
7vsWild,36,25,0.0,gateway,0.0
ADHS,36,25,0.0,gateway,0.0
BeautyDE,36,25,0.0,gateway,0.0
Aktien,36,25,0.0,gateway,0.0
Bundesliga,36,25,0.0,gateway,0.0
1liga,36,25,0.0,gateway,0.0
Augenschmaus,36,25,0.0,gateway,0.0
Bonn,36,25,0.0,gateway,0.0
BonnerBlogs,36,25,0.0,gateway,0.0
BiBayern,36,25,0.0,gateway,0.0
Balkonkraftwerk,36,25,0.0,gateway,0.0
CoronavirusDACH,36,25,0.0,gateway,0.0
CaschysBlog,36,25,0.0,gateway,0.0
BinIchDasArschloch,36,25,0.0,gateway,0.0
CasualIT,37,3,0.0,gateway,0.0
Avvocati,37,3,0.0,gateway,0.0
BancaDelMeme,37,3,0.0,gateway,0.0
CenturyOfBlood,38,47,4.5306485683574406E-6,gateway,0.002927416543773533
AfterTheDance,38,47,8.073864118125083E-6,gateway,0.0069138979280465454
CivMC,38,47,9.834661507432164E-5,gateway,0.10848001383019398
CivRealms,38,47,1.0478069158408371E-4,gateway,0.11571901068795974
CivEx,38,47,8.145634449974905E-5,gateway,0.08947672479086827
CampArcadia,38,47,2.9819528422600897E-5,gateway,0.03138000356594031
CampHalfBloodRP,38,47,6.143806749786383E-5,gateway,0.06695410727230681
CalamityMod,38,47,8.220940348469893E-4,gateway,0.922770190454806
CK2GameOfthrones,38,47,2.7374202370822315E-5,gateway,0.028628760620945784
CK3AGOT,38,47,4.782705348240281E-5,gateway,0.05164031864398791
BloodGulchRP,38,47,4.1248338625758023E-4,gateway,0.46191614348361426
Askasurvivor,38,47,3.924555725049168E-4,gateway,0.4393827961409961
BlackwellAcademy,38,47,2.443661357799521E-4,gateway,0.2727669709337879
ChaoticYigaClan,38,47,5.964792020131783E-4,gateway,0.6689303327112271
CharacterAMARoleplay,38,47,9.272664100978103E-5,gateway,0.10215696583220878
AccurateBattleSim,38,47,8.907364881055606E-4,gateway,1.0
40kscience,38,47,5.039166376773199E-4,gateway,0.5647879415914797
40kmemes,38,47,6.808823654030843E-4,gateway,0.7638925597904345
Asfelaeia,38,47,2.030179663608629E-4,gateway,0.22624603385058523
Arkham_Paradise,38,47,1.1692220835988538E-4,gateway,0.12937946400323883
Barotrauma,38,47,6.131819327961293E-4,gateway,0.687722620224507
CivHybridGames,38,47,6.559609943328253E-5,gateway,0.07163232023252211
CTAvsAEBattlefield,38,47,5.248348443838848E-4,gateway,0.5883230724512335
Cinemagraphs,38,47,1.209058336176954E-4,gateway,0.1338614515394532
AccidentalRenaissance,38,47,9.651501448705657E-5,gateway,0.1064192750628236
Civcraft_Orion,38,47,4.4165636767374846E-5,gateway,0.047520848809452385
Centaura_Roblox,38,47,3.260682227472644E-4,gateway,0.36469020963508686
Anbennar,38,47,1.40825895524146E-4,gateway,0.15627356698888972
AoSLore,38,47,2.0836198797602493E-5,gateway,0.02127283514340591
40kLore,38,47,6.132793827832964E-6,gateway,0.004729994502153535
AfterTheEndFanFork,38,47,4.405794775742402E-5,gateway,0.04739968761351896
ApexLore,38,47,1.2169602285897635E-5,gateway,0.011522024002045196
CISDidNothingWrong,38,47,4.937833433058847E-5,gateway,0.05338566891585521
AlternateAngles,38,47,1.0234538668979965E-5,gateway,0.009344878700588114
ClimbersCourt,38,47,6.162814781324884E-5,gateway,0.0671679671485
AgameofthronesLCG,38,47,5.1472589127768214E-5,gateway,0.05574192064415579
AoTRP,38,47,3.353832388313543E-5,gateway,0.03556403038200914
BritishHistoryPod,38,47,3.3619696327681386E-5,gateway,0.03565558273913191
AislingDuval,38,47,3.893266470449122E-5,gateway,0.041633217808715116
AgeofMythology,38,47,3.059792425141639E-5,gateway,0.032255778815169
ColdWarPowers,38,47,1.0501593285030248E-5,gateway,0.009645342570345754
ARG,38,47,3.0509156783410028E-5,gateway,0.032155906297179064
Area51memes,38,47,1.4745660794041445E-4,gateway,0.16373379943612415
AskTheOuija,38,47,1.92873805663007E-6,gateway,0.0
Camp_Jupiter,38,47,3.8099700976782826E-6,gateway,0.002116579250062398
CLOUDS,38,47,2.257421118511636E-6,gateway,3.698022006035294E-4
BirdsArentReal,38,47,6.862740366531101E-6,gateway,0.00555125932422327
7_hydroxymitragynine,40,56,2.0813657811440612E-5,gateway,0.04620343643296561
7hydromitra,40,56,2.0674099028843535E-5,gateway,0.04586464554232342
AusGrowers,40,56,5.2891400349211416E-5,gateway,0.12407490221909566
AZGrowersGuild,40,56,4.291589938490536E-5,gateway,0.0998585197499492
ChemicalMagicAU,40,56,3.8841095614111995E-5,gateway,0.0899665848031897
BlackOutBoyz,40,56,5.4325627293295364E-5,gateway,0.12755661089215056
CannabisGrowers,40,56,6.178814811806129E-5,gateway,0.14567251896765776
Autoflowers,40,56,5.059881916213124E-5,gateway,0.11850946514815999
CocoGrows,40,56,3.714447709014147E-5,gateway,0.08584789810988766
Benzofamily,40,56,3.446190643346007E-5,gateway,0.07933572821935773
COents,40,56,4.896939527476245E-5,gateway,0.11455389918690394
BuffaloCannabis,40,56,5.8293187840781814E-5,gateway,0.137188203734577
Caudex,40,56,2.0181417398861184E-5,gateway,0.044668618713208166
Aroids,40,56,3.497123622822093E-5,gateway,0.08057216989351469
CBD,40,56,7.733740996911705E-6,gateway,0.014450818757058618
CBDOilReviews,40,56,2.5808824818376385E-6,gateway,0.0019418136397289353
Cannabis_Culture,40,56,9.157291453717941E-5,gateway,0.2179775889526547
Craftmarijuana,40,56,4.883271881775335E-5,gateway,0.11422210538834653
Anthurium,40,56,2.9707317943652047E-5,gateway,0.06779355767929382
ACInfinityAdvancegrow,40,56,2.196888763745488E-5,gateway,0.04900785572044077
CBDFlowerUK,40,56,3.467808652946449E-5,gateway,0.07986052390689181
Auscann,40,56,3.439149448019012E-5,gateway,0.07916479717570529
ArizonaWhiskey,40,56,5.8199465108105834E-5,gateway,0.13696068377857115
420,40,56,4.137129090409374E-4,gateway,1.0
COpsychonauts,40,56,5.360191755164222E-5,gateway,0.12579974354651757
Ceanothus,40,56,2.2919736180095114E-5,gateway,0.05131612194799141
AustinGardening,40,56,4.766710637139839E-5,gateway,0.11139248140126762
ColdFire,40,56,1.2081428372370363E-4,gateway,0.2889635156420663
ArtOfRolling,40,56,3.890792135954576E-5,gateway,0.09012881002034924
Addictedtotheneedle,40,56,9.207463283882714E-5,gateway,0.21919555307575447
CTents,40,56,1.3951801016886485E-5,gateway,0.029545691706157937
Adenium,40,56,2.505686717597096E-5,gateway,0.05650419037362536
AfricanViolets,40,56,6.0308272963867634E-5,gateway,0.14207999535718727
Cigarettes,40,56,2.037882002694882E-5,gateway,0.045147830490069284
BAGGU,40,56,3.1243447242441526E-5,gateway,0.07152264304098678
2cb,40,56,2.410281127689653E-5,gateway,0.05418813801378891
Allotment,40,56,2.2148487951056363E-5,gateway,0.04944385085505251
Bonsai,40,56,8.047793801147018E-5,gateway,0.19104358373385344
Aquascape,40,56,9.632652616215889E-6,gateway,0.019060589255073423
Benzedrex,40,56,3.2564850794144326E-5,gateway,0.07473046327163217
1P_LSD,40,56,1.5082336266387159E-5,gateway,0.032290162795351476
Citrus,40,56,6.418396394790854E-6,gateway,0.01125770714515456
BackyardOrchard,40,56,1.0058926667257357E-5,gateway,0.020095406001984617
ContamFam,40,56,1.2372400103982458E-5,gateway,0.025711560797258403
Acid,40,56,2.930498524491403E-5,gateway,0.06681686061441999
CannabisThailand,40,56,3.924025589684635E-6,gateway,0.00520240850376678
Crainn,40,56,2.0200473527456753E-6,gateway,5.803383577535711E-4
BubbleHash,40,56,2.500670969743627E-5,gateway,0.05638242880112587
ACNHGardening,40,56,3.303040683935733E-5,gateway,0.07586064042183664
AmanitaMuscaria,40,56,1.561864696951998E-5,gateway,0.03359210293408061
CannabisMSOs,40,56,1.9539028002182245E-6,gateway,4.197667946825307E-4
Biltong,40,56,4.206932039310378E-6,gateway,0.00588918812632801
Carts,40,56,6.42448421001347E-6,gateway,0.011272485837709437
AgMarketplace,40,56,1.3482481530685052E-5,gateway,0.02840637848081279
Bamboo,40,56,3.1398370608848146E-6,gateway,0.0032987237255001304
Beekeeping,40,56,1.7809874578678838E-6,gateway,0.0
AffiliateMarket,42,4,0.0,gateway,0.0
Affiliatemarketing,42,4,0.0,gateway,0.0
AskMarketing,42,4,0.0,gateway,0.0
BlackhatUnderground,42,4,0.0,gateway,0.0
CashAppDonations,43,3,0.0,gateway,0.0
CashappBlessing,43,3,0.0,gateway,0.0
BorrowmoneyOnline,43,3,0.0,gateway,0.0
CineShots,44,21,2.5551357681813645E-5,gateway,0.02808204102888939
BestOfStreamingVideo,44,21,1.9769228958696207E-5,gateway,0.020822676265455222
80sdesign,44,21,1.7575688768774007E-5,gateway,0.018068723677330784
90sdesign,44,21,1.5146524607062617E-5,gateway,0.015018949179986616
70s,44,21,4.2516069100067415E-5,gateway,0.04938094912810284
80s,44,21,6.429785057736062E-5,gateway,0.07672760716926694
CableTV_Memories,44,21,3.464765749819635E-5,gateway,0.039502291515647735
90s_kid,44,21,4.331315123792531E-5,gateway,0.05038167226351043
1970s,44,21,2.5018252146337945E-5,gateway,0.02741273605061186
1980s,44,21,3.196189353041741E-5,gateway,0.036130360304112236
2000sNostalgia,44,21,3.8814469909968804E-5,gateway,0.044733653985480924
90s,44,21,3.1195731187579866E-5,gateway,0.0351684564481105
AustralianNostalgia,44,21,3.75396137643433E-5,gateway,0.043133093668482024
80smovies,44,21,4.231437372824253E-5,gateway,0.04912772400197941
AquaJail,44,21,7.996899951818269E-4,gateway,1.0
AbsurdMovies,44,21,1.8952186449526216E-5,gateway,0.01979689322164594
Cinema,44,21,7.713173488310251E-5,gateway,0.09284033173290535
ArtDeco,44,21,1.136464382131896E-5,gateway,0.01027086185260274
ChristopherNolan,44,21,1.4420817814421102E-5,gateway,0.014107836582644388
ArchitecturalRevival,44,21,6.956529505805826E-6,gateway,0.004736548926069877
100movies365days,44,21,3.1838391277397927E-6,gateway,0.0
CitiesSkylines,45,3,4.964020094640931E-6,gateway,0.9853411983335627
CitiesSkylines2,45,3,4.997497092020277E-6,gateway,1.0
CitiesSkylinesModding,45,3,2.713749883952435E-6,gateway,0.0
ChristmasDecorating,46,3,0.0,gateway,0.0
ChristmasTrees,46,3,0.0,gateway,0.0
ChristmasLights,46,3,0.0,gateway,0.0
China,48,10,4.790873418743082E-6,gateway,0.37557770903387255
ADVChina,48,10,1.2360994790766254E-5,gateway,1.0
CCP_virus,48,10,4.763812106921908E-6,gateway,0.3733455537627068
China_News,48,10,4.5945590746202395E-6,gateway,0.35938469884519486
China_Debate,48,10,4.4512848586287305E-6,gateway,0.34756670943799417
Chinese,48,10,8.518300196124039E-7,gateway,0.05066528258451622
ChineseLanguage,48,10,5.949264551108934E-7,gateway,0.029474563913049933
ChunghwaMinkuo,48,10,5.273362782325893E-6,gateway,0.41537589706406647
ChineseHistory,48,10,6.423060637505901E-7,gateway,0.03338267612393397
Cantonese,48,10,2.3759451895593314E-7,gateway,0.0
Archaeology,50,7,1.696198648055577E-6,gateway,0.4304180652846262
Archeology,50,7,1.6942376873173011E-6,gateway,0.4298345796427161
AncientCivilizations,50,7,1.3655249049199517E-6,gateway,0.33202579382795255
AlternativeHistory,50,7,1.7306672845700457E-6,gateway,0.4406742392660058
AncientAliens,50,7,3.6104322315103584E-6,gateway,1.0
Anthropology,50,7,1.5094558012308427E-6,gateway,0.37485256225091484
AskAnthropology,50,7,2.496627499232283E-7,gateway,0.0
Allergies,51,3,0.0,gateway,0.0
Allergy,51,3,0.0,gateway,0.0
Asthma,51,3,0.0,gateway,0.0
ColumbiYEAH,52,113,1.1667448450727684E-4,gateway,0.522351348001872
ColumbiaMD,52,113,8.829646670052997E-5,gateway,0.39404697337156747
AskAmericans,52,113,3.4019752685950663E-6,gateway,0.010216971328841949
AskAnAmerican,52,113,1.7843652412623295E-6,gateway,0.002903337079754528
Bend,52,113,1.3727302615801812E-4,gateway,0.6154826943415834
Bozeman,52,113,1.512555087919631E-4,gateway,0.6787011228570832
Charlottesville,52,113,1.343895403635103E-4,gateway,0.6024457076098415
Chattanooga,52,113,9.496106784996837E-5,gateway,0.42417936276050516
ColoradoSprings,52,113,9.583066585333965E-5,gateway,0.4281110407502126
Bellingham,52,113,1.5826557765663893E-4,gateway,0.7103954613384609
ColumbusGA,52,113,9.032459514395105E-5,gateway,0.4032166677940302
Albany,52,113,1.148371389673955E-4,gateway,0.5140442325408969
Buffalo,52,113,8.515224441546489E-5,gateway,0.37983112937812163
Birmingham,52,113,1.1312381690187275E-4,gateway,0.506297859356758
Charleston,52,113,1.1092105744318936E-4,gateway,0.4963386128465889
Columbus,52,113,1.2915174182953927E-4,gateway,0.5787642627000106
Charlotte,52,113,8.375474435355842E-5,gateway,0.37351266933944716
Colorado,52,113,5.5900817461427796E-5,gateway,0.24757784558853052
BloomingtonNormal,52,113,9.037136953970315E-5,gateway,0.40342814696204515
Appleton,52,113,1.2756998271893434E-4,gateway,0.5716127197386942
CampAndHikeMichigan,52,113,2.242946516657259E-5,gateway,0.09624518544758923
CampingandHiking,52,113,2.269541734795252E-5,gateway,0.09744762419950954
Cleveland,52,113,6.54530928032767E-5,gateway,0.29076615854184107
COsnow,52,113,5.027484941244983E-5,gateway,0.2221413856803767
Backcountry,52,113,3.811902844206197E-5,gateway,0.1671817680515249
BikeLA,52,113,9.547440900862139E-5,gateway,0.4265003112066405
BAbike,52,113,8.692604900528182E-5,gateway,0.38785095973282374
ChicagoSuburbs,52,113,9.375918203054347E-5,gateway,0.4187453254190499
BurlingtonON,52,113,8.649307548254715E-5,gateway,0.38589337420150643
AnnArbor,52,113,9.446057442434613E-5,gateway,0.4219165022457805
Belfast,52,113,3.0374352479068767E-5,gateway,0.1321660804544177
Aberdeen,52,113,5.8921983243019414E-5,gateway,0.2612373192311691
CasualIreland,52,113,7.808092490306997E-5,gateway,0.34785986084106424
CasualUK,52,113,5.9878784842811196E-5,gateway,0.2655632672851369
Calgary,52,113,7.897908699970534E-5,gateway,0.351920684500779
Cardiff,52,113,3.450250086097147E-5,gateway,0.15083050938416495
Brooklyn,52,113,7.679224226110132E-5,gateway,0.34203339256548915
Athens,52,113,1.3529291859664793E-4,gateway,0.6065301147748056
Clarksville,52,113,8.697810859153692E-5,gateway,0.3880863346171254
AppalachianTrail,52,113,3.969611386281882E-5,gateway,0.17431218004952817
Boise,52,113,6.719942015433997E-5,gateway,0.29866175717751103
Albuquerque,52,113,7.74480226439823E-5,gateway,0.34499834566733556
14ers,52,113,2.2198587773114255E-5,gateway,0.09520132890391957
Adirondacks,52,113,4.5971134900764825E-5,gateway,0.20268317676777856
Bakersfield,52,113,8.644505743630978E-5,gateway,0.3856762721672696
Banff,52,113,3.237350803659407E-5,gateway,0.14120478094941838
Bushwick,52,113,9.54420751145351E-5,gateway,0.42635412128991146
Billings,52,113,8.645709290700726E-5,gateway,0.3857306876501175
Augusta,52,113,7.636293211112015E-5,gateway,0.3400923700920069
Binghamton,52,113,1.3859296283586962E-4,gateway,0.6214504702150299
CorpusChristi,52,113,9.335524090339583E-5,gateway,0.41691900287393485
BritishSuccess,52,113,3.6877143938474895E-5,gateway,0.1615668862905471
CapeCod,52,113,7.910244727512895E-5,gateway,0.3524784282833164
Cornwall,52,113,3.0431823760523922E-5,gateway,0.13242592301553385
ChicoCA,52,113,7.974812651212534E-5,gateway,0.35539771148620797
BackpackingDogs,52,113,1.2021474083403857E-5,gateway,0.0491879598098542
Connecticut,52,113,7.420673368333311E-5,gateway,0.33034363807203154
Austin,52,113,6.606474041744259E-5,gateway,0.29353157595626717
BellevilleOntario,52,113,5.977424330882728E-5,gateway,0.2650906079108268
BellevueWA,52,113,6.437580363649781E-5,gateway,0.28589545496483837
ClearwaterFl,52,113,8.045355239526933E-5,gateway,0.35858712476380844
Biloxi,52,113,1.0075675823346425E-4,gateway,0.4503831813382958
Cairns,52,113,4.2222824068728196E-5,gateway,0.18573609186214726
BocaRaton,52,113,1.1085020251294268E-4,gateway,0.49601825933998805
AskSF,52,113,1.4542515162778028E-5,gateway,0.060586240031861395
AskSeattle,52,113,2.351331987086051E-5,gateway,0.10114557352158333
Adelaide,52,113,8.513626020301635E-5,gateway,0.3797588606102276
Broward,52,113,4.099083696508227E-5,gateway,0.18016595881189912
321,52,113,1.3923484372566907E-4,gateway,0.6243525801056398
BigBendTX,52,113,3.6032006585589174E-5,gateway,0.15774580124235418
AskNOLA,52,113,4.687056325452732E-5,gateway,0.20674972550420315
Annapolis,52,113,7.251824504915736E-5,gateway,0.3227095432683138
BucksCountyPA,52,113,1.1736106732130866E-4,gateway,0.5254555668795318
Atlanta,52,113,7.204612472949314E-5,gateway,0.3205749649204781
Clemson,52,113,1.3706362770524286E-4,gateway,0.6145359496564949
Acadiana,52,113,6.815498881709781E-5,gateway,0.30298213080354747
Breckenridge,52,113,7.81025867486887E-5,gateway,0.347957799660272
ChicagoNWside,52,113,2.7384199027915822E-5,gateway,0.11864682159668263
Appalachia,52,113,1.5304306101310115E-4,gateway,0.6867831098166374
AskIreland,52,113,8.45813777849209E-6,gateway,0.03307719269029636
AskUK,52,113,2.5738399827856495E-5,gateway,0.11120573679052456
Bath,52,113,1.8133763483523975E-5,gateway,0.07682320461033491
CambridgeMA,52,113,7.872776210364433E-5,gateway,0.35078437949745817
AuroraCO,52,113,5.15914733163931E-5,gateway,0.22809418364424958
AccidentalWesAnderson,52,113,9.801734372478054E-5,gateway,0.43799757823580276
BostonSocialClub,52,113,7.67366533346668E-6,gateway,0.029530389416046483
CapeBreton,52,113,6.156215890541142E-5,gateway,0.27317423778496674
BirminghamUK,52,113,1.3863501386395446E-5,gateway,0.05751624273545348
Costco_alcohol,52,113,8.480030718719308E-5,gateway,0.3782399299402313
AskChicago,52,113,1.638596078446419E-5,gateway,0.06892093554393423
AskLosAngeles,52,113,4.944016713794889E-6,gateway,0.017188940429281912
AskAnAustralian,52,113,9.448194741096557E-6,gateway,0.03755349685996757
Asked_Australia,52,113,2.586908263633212E-5,gateway,0.111796587643131
AskABrit,52,113,4.690086765782317E-6,gateway,0.01604085731080868
Ameristralia,52,113,8.930986878139717E-6,gateway,0.03521506604135076
AskNYC,52,113,4.880893206759875E-6,gateway,0.016903542691154003
Alabama,52,113,3.7909132531025474E-6,gateway,0.011975460776978777
Arkansas,52,113,7.236259466264969E-6,gateway,0.027552764106445086
Adamthewoo,52,113,2.0072126360157852E-5,gateway,0.08558704563639767
BurningMan,52,113,9.320233175406384E-5,gateway,0.4162276609728234
Barbados,52,113,2.2231953356213575E-4,gateway,1.0
CozyPlaces,52,113,3.5169519377190664E-5,gateway,0.15384627299997292
11foot8,52,113,2.2187665449631257E-5,gateway,0.0951519462481774
12keys,52,113,1.0751706291828336E-5,gateway,0.043447010475998096
askSouthAfrica,52,113,5.397776502563253E-6,gateway,0.019240506057535987
CaymanIslands,52,113,7.192890001082367E-5,gateway,0.3200449615804801
Airdrie,52,113,8.104019641896353E-6,gateway,0.03147613280054033
BigIsland,52,113,7.855500378341114E-6,gateway,0.030352512789051798
AskLondon,52,113,1.1422129250559394E-6,gateway,0.0
AllInclusiveResorts,52,113,6.049893945316774E-5,gateway,0.2683671470345174
Cascadia,52,113,1.1599854874064277E-6,gateway,8.035436137528106E-5
AskEurope,52,113,1.5593674409373606E-6,gateway,0.0018860637007440373
AskTheCaribbean,52,113,4.600263411621727E-5,gateway,0.2028255928860393
Aalborg,53,5,0.0,gateway,0.0
Aarhus,53,5,0.0,gateway,0.0
Allsvenskan,53,5,0.0,gateway,0.0
Asksweddit,53,5,0.0,gateway,0.0
Bergen,53,5,0.0,gateway,0.0
BlueGhost,54,6,9.355732934164195E-4,gateway,0.9231023272467359
ApexOutlands,54,6,9.408311302937417E-4,gateway,0.928805665230173
CoachCorySubmissions,54,6,0.0010064643086002505,gateway,1.0
ARK,54,6,8.305372019488379E-4,gateway,0.8091664361043809
AnarchyChess,54,6,8.457665393358985E-5,gateway,0.0
CARROTweather,54,6,1.1478474450029581E-4,gateway,0.03276764843719347
AstrologyChartShare,55,4,0.0,gateway,0.0
AstrologyCharts,55,4,0.0,gateway,0.0
AskAstrologers,55,4,0.0,gateway,0.0
Advancedastrology,55,4,0.0,gateway,0.0
Centrelink,56,3,0.0,gateway,0.0
CentrelinkOz,56,3,0.0,gateway,0.0
BenefitsAdviceUK,56,3,0.0,gateway,0.0
AITAH,57,18,1.3167124490330567E-5,gateway,0.16185904329562728
AITA_WIBTA_PUBLIC,57,18,1.303898556229377E-5,gateway,0.1600198705969736
ComfortLevelPod,57,18,1.4068936482609733E-5,gateway,0.17480271327109356
BORUpdates,57,18,2.157945863164109E-5,gateway,0.28260092495244604
BestofRedditorUpdates,57,18,1.9858382468383308E-5,gateway,0.2578983904435078
CharlotteDobreYouTube,57,18,1.2249509052267552E-5,gateway,0.1486885471208505
AITA_Relationships,57,18,1.1265094251473215E-5,gateway,0.134559282474188
AITASims,57,18,1.0137964482375096E-5,gateway,0.11838163582983806
AmItheEx,57,18,2.0382622766673455E-5,gateway,0.2654227896165087
AmITheDevil,57,18,2.1588273599327202E-5,gateway,0.2827274458166065
AITH,57,18,1.2621191160800005E-5,gateway,0.1540232849484888
Advice,57,18,7.156212122688075E-5,gateway,1.0
AdviceForTeens,57,18,3.796822776480453E-5,gateway,0.5178282459239206
AmItheKameena,57,18,8.264001860975272E-6,gateway,0.09148472835308509
AmITheAngel,57,18,1.8900735009668607E-6,gateway,0.0
AmITheBadApple,57,18,6.7248682130099285E-6,gateway,0.06939360719040284
AmITheA_holeUnanimous,57,18,4.780606516955105E-6,gateway,0.04148770002224488
AmIOverreacting,57,18,3.6731972510882745E-6,gateway,0.02559310093964982
ABizarreDay,58,6,8.859992706717737E-4,gateway,1.0
CookieRunKingdoms,58,6,4.2504120466871456E-4,gateway,0.4629416213170812
AnimalJam,58,6,6.201445435177771E-4,gateway,0.69025488594104
BaldisBasicsEdu,58,6,6.980524277836748E-4,gateway,0.7810247088302698
BeeSwarmSimulator,58,6,4.853927877096061E-4,gateway,0.5332567448161321
AvakinOfficial,58,6,2.769767013904948E-5,gateway,0.0
Allelite,60,6,1.0840697335237881E-5,gateway,0.6947573559618463
AEWFanHub,60,6,1.43865657823511E-5,gateway,1.0
AEWOfficial,60,6,1.4262293141887399E-5,gateway,0.9893021103510972
CagesideSeatsPro,60,6,8.2966112437111E-6,gateway,0.4757521737841075
ChampionshipHistory,60,6,5.520956355562362E-6,gateway,0.236812616484481
BareKnuckleFC,60,6,2.7700091957491136E-6,gateway,0.0
CURRENCY,65,10,2.847725273000779E-5,gateway,0.3809640438789468
Bankstraphunting,65,10,2.3538536622600875E-5,gateway,0.2883576826105713
CRH,65,10,1.9738547432498014E-5,gateway,0.21710370402556725
CoinstarFinds,65,10,2.7911352091200997E-5,gateway,0.3703527842196297
BottleDigging,65,10,2.4660494378925833E-5,gateway,0.3093956250738481
Antiques,65,10,6.149056634783934E-5,gateway,1.0
Arrowheads,65,10,1.6682962503922833E-5,gateway,0.15980812444012543
AnimalTracking,65,10,8.840509801220834E-6,gateway,0.012753506919724218
BuyItForLife,65,10,1.2886758298202071E-5,gateway,0.08862511847704596
Banknotes,65,10,8.160362679709032E-6,gateway,0.0
AskLawyers,67,6,0.0,gateway,0.0
AskLegal,67,6,0.0,gateway,0.0
AskALawyer,67,6,0.0,gateway,0.0
AusLegal,67,6,0.0,gateway,0.0
Ask_Lawyers,67,6,0.0,gateway,0.0
AskHR,67,6,0.0,gateway,0.0
CatalanFeed,68,3,0.0,gateway,0.0
CornishFeed,68,3,0.0,gateway,0.0
BengaliFeed,68,3,0.0,gateway,0.0
Comcast,69,4,0.0,gateway,0.0
Comcast_Xfinity,69,4,0.0,gateway,0.0
ATT,69,4,0.0,gateway,0.0
ATTFiber,69,4,0.0,gateway,0.0
BookRecommendations,70,6,0.0,gateway,0.0
BooksAndFilms,70,6,0.0,gateway,0.0
BooksThatFeelLikeThis,70,6,0.0,gateway,0.0
BettermentBookClub,70,6,0.0,gateway,0.0
CozyFantasy,70,6,0.0,gateway,0.0
CoolSciFiCovers,70,6,0.0,gateway,0.0
ATBandATGcommunity,72,4,0.0012165079985436511,gateway,1.0
BiWomen,72,4,3.099154098413141E-5,gateway,0.02116354002872691
Actuallylesbian,72,4,1.8608959137087558E-5,gateway,0.0109397067759891
AskLGBT,72,4,5.359348038425486E-6,gateway,0.0
CKsTechNews,74,4,0.0,gateway,0.0
Aggregat0r,74,4,0.0,gateway,0.0
ComputerSecurity,74,4,0.0,gateway,0.0
AskNetsec,74,4,0.0,gateway,0.0
ControlProblem,75,10,1.4103917041882667E-6,gateway,5.231974658748953E-5
ArtificialInteligence,75,10,4.453524426282192E-6,gateway,0.0026715805313157134
BattleForDreamIsland,75,10,0.0011631784462267979,gateway,1.0
ChatGPTPro,75,10,5.075475091819898E-6,gateway,0.003206900918905517
ChatGPTPromptGenius,75,10,4.968636671154141E-6,gateway,0.00311494381052164
ChatGPTCoding,75,10,2.2246499069560523E-6,gateway,7.531615349421668E-4
ChatGPT,75,10,3.228879106813991E-5,gateway,0.02662972794241681
ChatGPTJailbreak,75,10,1.3496051136431898E-6,gateway,0.0
ChatGPTNSFW,75,10,8.94422517031169E-6,gateway,0.006536780451578437
ArtistHate,75,10,7.207392961081412E-6,gateway,0.005041868165216007
BadNeighbors,76,3,0.0,gateway,0.0
Apartmentliving,76,3,0.0,gateway,0.0
ApartmentHacks,76,3,0.0,gateway,0.0
CelebBattleLeague,79,3,2.8951688548561295E-5,gateway,0.048088384008423496
CelebBattles,79,3,5.4453950894367616E-5,gateway,1.0
CelebbattlePolls,79,3,2.7663372948492448E-5,gateway,0.0
AnimePhoneWallpapers,81,5,0.0,gateway,0.0
Animewallpaper,81,5,0.0,gateway,0.0
Amoledbackgrounds,81,5,0.0,gateway,0.0
BollywoodUHQonly,81,5,0.0,gateway,0.0
ComicWalls,81,5,0.0,gateway,0.0
AncestryDNA,83,3,0.0,gateway,0.0
23andme,83,3,0.0,gateway,0.0
Ancestry,83,3,0.0,gateway,0.0
ApksApps,84,4,0.0,gateway,0.0
APKMirror,84,4,0.0,gateway,0.0
APK,84,4,0.0,gateway,0.0
Addons4Kodi,84,4,0.0,gateway,0.0
ChaseSapphire,85,12,7.919061312677855E-6,gateway,0.21596484787315243
AmexPlatinum,85,12,3.25370983586078E-6,gateway,0.03107956425452872
Aeroplan,85,12,4.837437182975238E-6,gateway,0.09384179796850274
CapitalOne_,85,12,1.7775383061280085E-5,gateway,0.6065653955450685
AppleCard,85,12,5.690880094839624E-6,gateway,0.12766326578211368
BritishAirways,85,12,4.345879568706458E-6,gateway,0.0743616431761823
AlaskaAirlines,85,12,6.971741937604897E-6,gateway,0.17842310804752332
Chase,85,12,1.2302165220562455E-5,gateway,0.38966481735369757
Banking,85,12,2.6286452622977374E-6,gateway,0.0063086029373759745
CashApp,85,12,2.7703218727806133E-5,gateway,1.0
Afterpay,85,12,1.078558614929017E-5,gateway,0.329563632455718
CRedit,85,12,2.4694554692839745E-6,gateway,0.0
AskComputerScience,88,3,0.0,gateway,0.0
AskProgramming,88,3,0.0,gateway,0.0
ComputerEngineering,88,3,0.0,gateway,0.0
AndroidGaming,89,8,1.6524568716139113E-5,gateway,0.40799822497169375
AppleArcade,89,8,3.189935173387274E-5,gateway,1.0
BaseBuildingGames,89,8,1.1881482119488572E-5,gateway,0.22921745755163805
4Xgaming,89,8,3.186061870414542E-5,gateway,0.9985085953847707
CRPG,89,8,8.064959214363838E-6,gateway,0.0822632968546058
AskGames,89,8,9.933376268779505E-6,gateway,0.15420617965375985
CozyGamers,89,8,1.8674334845893906E-5,gateway,0.4907743762346188
CoOpGaming,89,8,5.928512344077852E-6,gateway,0.0
Android,90,4,0.0,gateway,0.0
AndroidQuestions,90,4,0.0,gateway,0.0
AndroidMasterRace,90,4,0.0,gateway,0.0
AskTechnology,90,4,0.0,gateway,0.0
BlackPink,91,3,0.0,gateway,0.0
Aespa,91,3,0.0,gateway,0.0
BABYMONSTER,91,3,0.0,gateway,0.0
BeardAdvice,96,6,2.201877963130907E-6,gateway,0.14622261160198755
BeardTalk,96,6,6.689515226245956E-7,gateway,0.004553517270797683
Barber,96,6,4.141893206872006E-6,gateway,0.3255137995592694
BlackHair,96,6,1.0584777636784692E-5,gateway,0.9209485040221784
360Waves,96,6,1.1440152119963709E-5,gateway,1.0
Balding,96,6,6.196803173934124E-7,gateway,0.0
ContemporaryArt,99,3,0.0,gateway,0.0
ArtistLounge,99,3,0.0,gateway,0.0
ArtHistory,99,3,0.0,gateway,0.0
BitTippers,108,5,5.889733555714155E-6,gateway,0.09413451805906733
AwardBonanza,108,5,4.12362407585861E-5,gateway,1.0
Contest,108,5,3.543224267048607E-6,gateway,0.033997833111503895
ConeHeads,108,5,2.2166424765790055E-6,gateway,0.0
Bucketheads,108,5,7.74336607646932E-6,gateway,0.14163968475397717
